open_time,open,high,low,close,volume,close_time,quote,no_trades,base_buy,quote_buy,ignore,date
1.57784E+12,7195.24,7255,7175.15,7200.85,16792.38817,1.57792E+12,121214452.1,194010,8946.955535,64597785.21,0,1/1/2020 5:30
1.57792E+12,7200.77,7212.5,6924.74,6965.71,31951.48393,1.57801E+12,225982341.3,302667,15141.61134,107060829.1,0,1/2/2020 5:30
1.57801E+12,6965.49,7405,6871.04,7344.96,68428.50045,1.5781E+12,495098583,519854,35595.49627,257713113.9,0,1/3/2020 5:30
1.5781E+12,7345,7404,7272.21,7354.11,29987.97498,1.57818E+12,219874240.9,279370,16369.38225,120035111.7,0,1/4/2020 5:30
1.57818E+12,7354.19,7495,7318,7358.75,38331.0856,1.57827E+12,284848683.8,329209,19455.36956,144600094.4,0,1/5/2020 5:30
1.57827E+12,7357.64,7795.34,7346.76,7758,54635.69532,1.57836E+12,413330481.2,449937,28853.76777,218411610.7,0,1/6/2020 5:30
1.57836E+12,7758.9,8207.68,7723.71,8145.28,91171.68466,1.57844E+12,724202791.1,685315,46192.11155,366866967.6,0,1/7/2020 5:30
1.57844E+12,8145.92,8455,7870,8055.98,112622.6426,1.57853E+12,926410232.6,830375,55071.10951,453284250.5,0,1/8/2020 5:30
1.57853E+12,8054.72,8055.96,7750,7817.76,64239.51983,1.57861E+12,507258250.5,478800,31645.75922,249899679.3,0,1/9/2020 5:30
1.57861E+12,7817.74,8199,7672,8197.02,82406.77745,1.5787E+12,652774220.4,606101,42361.75531,335845385.7,0,1/10/2020 5:30
1.5787E+12,8198.86,8286.34,8003.16,8020.01,54810.03267,1.57879E+12,445034349.6,469131,27916.12497,226716001.4,0,1/11/2020 5:30
1.57879E+12,8020.01,8197,7960,8184.98,38131.49434,1.57887E+12,309351920.5,350662,19718.5411,159972664,0,1/12/2020 5:30
1.57887E+12,8184.97,8196,8055.89,8110.34,31159.75568,1.57896E+12,252656965.4,289144,15215.2265,123407351.9,0,1/13/2020 5:30
1.57896E+12,8110.34,8880,8105.54,8810.01,120399.1267,1.57905E+12,1032735181,915328,62492.09668,536081638.1,0,1/14/2020 5:30
1.57905E+12,8814.64,8916.48,8564,8821.41,84816.29761,1.57913E+12,743712237.3,764048,42493.55103,372770745.2,0,1/15/2020 5:30
1.57913E+12,8820.01,8859.81,8586,8720.01,51991.07428,1.57922E+12,451752380.3,543064,25996.30135,225914888.4,0,1/16/2020 5:30
1.57922E+12,8720.15,9041.65,8672.44,8913.28,70897.73738,1.57931E+12,629568740.7,676403,36139.80885,320997161,0,1/17/2020 5:30
1.57931E+12,8913.27,8988.88,8806.38,8915.96,38294.74655,1.57939E+12,340852837.9,458182,19421.29531,172895403.2,0,1/18/2020 5:30
1.57939E+12,8915.09,9198.98,8466,8701.7,70676.88926,1.57948E+12,623950864.3,615665,33655.94324,297282818.1,0,1/19/2020 5:30
1.57948E+12,8701.72,8746.99,8521.28,8642.35,38896.63975,1.57956E+12,336447837,385006,19453.86378,168293007.5,0,1/20/2020 5:30
1.57956E+12,8642.35,8789,8488,8736.03,36494.68766,1.57965E+12,316056705,365621,18731.87164,162303157.9,0,1/21/2020 5:30
1.57965E+12,8736.04,8818,8590,8682.36,29080.55714,1.57974E+12,252638888.2,317424,14477.15751,125794390,0,1/22/2020 5:30
1.57974E+12,8682.77,8691.81,8306.39,8404.52,48165.9446,1.57982E+12,407428808.7,464805,23287.71244,196965082,0,1/23/2020 5:30
1.57982E+12,8404.52,8528.02,8238,8439,41687.52953,1.57991E+12,349874174.8,407271,21293.48959,178752179.1,0,1/24/2020 5:30
1.57991E+12,8438.99,8451.26,8254.9,8340.58,25521.15793,1.58E+12,212869245.6,283118,13076.75279,109098245.2,0,1/25/2020 5:30
1.58E+12,8340.01,8618.13,8293.66,8615,31130.48516,1.58008E+12,263941925.3,332612,15797.91127,133936210.1,0,1/26/2020 5:30
1.58008E+12,8614.39,9000,8535,8907.57,53973.543,1.58017E+12,473194952.8,514196,28592.32652,250794158.8,0,1/27/2020 5:30
1.58017E+12,8907.57,9400,8862.4,9374.21,74584.85377,1.58026E+12,676593159.5,616678,38852.36325,352558461.2,0,1/28/2020 5:30
1.58026E+12,9375.34,9449.24,9216,9301.53,53864.06512,1.58034E+12,503188568.8,492545,26615.65133,248688826.4,0,1/29/2020 5:30
1.58034E+12,9301.57,9578,9204.44,9513.21,60626.74426,1.58043E+12,569652869.8,529570,30852.55545,290043577.4,0,1/30/2020 5:30
1.58043E+12,9511.52,9530.22,9210.01,9352.89,45552.02235,1.58052E+12,425779010.4,428547,22482.4709,210150300.2,0,1/31/2020 5:30
1.58052E+12,9351.71,9464.53,9281,9384.61,28578.06735,1.5806E+12,268137740,334972,14679.12631,137764121.9,0,2/1/2020 5:30
1.5806E+12,9384.41,9477.03,9120,9331.51,45690.91254,1.58069E+12,428064088.7,446558,22588.40606,211808205.8,0,2/2/2020 5:30
1.58069E+12,9331.59,9618.79,9234,9292.24,50892.13345,1.58077E+12,476379993.5,492124,24781.3977,232065946.5,0,2/3/2020 5:30
1.58077E+12,9291.35,9350,9093.01,9197.02,53308.17527,1.58086E+12,491136137.2,528930,26103.43231,240571508.2,0,2/4/2020 5:30
1.58086E+12,9197.02,9744.45,9177.22,9612.04,64870.41562,1.58095E+12,613540574.8,661758,35375.6052,334620486.1,0,2/5/2020 5:30
1.58095E+12,9612.03,9862.57,9526.35,9772,64949.70659,1.58103E+12,631245079.8,682179,32143.45465,312506614.4,0,2/6/2020 5:30
1.58103E+12,9772,9885,9730,9813.73,43966.11463,1.58112E+12,430744860.2,582249,22733.98819,222761440,0,2/7/2020 5:30
1.58112E+12,9813.87,9940,9667.11,9895.05,43600.84367,1.58121E+12,427781790.2,514573,22664.38184,222438123.8,0,2/8/2020 5:30
1.58121E+12,9895.04,10166,9880.75,10151.75,43408.47562,1.58129E+12,437441704.9,536848,22408.27733,225799470,0,2/9/2020 5:30
1.58129E+12,10151.72,10188,9756,9851.83,59573.08462,1.58138E+12,590091358.4,690308,28618.88325,283509329.4,0,2/10/2020 5:30
1.58138E+12,9851.74,10323.59,9700,10223.08,62422.39522,1.58147E+12,624970415.4,710170,31905.31642,319373572.9,0,2/11/2020 5:30
1.58147E+12,10223.08,10450,10223.08,10326.46,61008.06393,1.58155E+12,629756037.5,857655,31141.8077,321525481.5,0,2/12/2020 5:30
1.58155E+12,10325.33,10500,10080,10229.63,79344.35876,1.58164E+12,815507473.7,932802,38475.27255,395629173,0,2/13/2020 5:30
1.58164E+12,10227.78,10381.56,10111.37,10344.36,47038.48017,1.58172E+12,482455622,622310,23697.00549,243079257.3,0,2/14/2020 5:30
1.58172E+12,10344.36,10375,9801,9904.72,57657.20295,1.58181E+12,580845331.2,739781,26758.58032,269731775.5,0,2/15/2020 5:30
1.58181E+12,9904.46,10050,9638.12,9917.27,60023.99954,1.5819E+12,592584876.9,708070,29406.13684,290482773.3,0,2/16/2020 5:30
1.5819E+12,9910.7,9964.16,9452.67,9706,70261.0119,1.58198E+12,680009637.6,778058,33221.83924,321724146.1,0,2/17/2020 5:30
1.58198E+12,9706,10250,9576.01,10164.71,70604.12402,1.58207E+12,696870122.8,723413,37303.99633,368380176.6,0,2/18/2020 5:30
1.58207E+12,10164.78,10250,9350,9593.79,55162.5869,1.58216E+12,547679966.9,588760,25457.91648,253188749.1,0,2/19/2020 5:30
1.58216E+12,9594.65,9699,9400,9596.42,60152.34291,1.58224E+12,576020107.5,667387,29843.20888,285816414.9,0,2/20/2020 5:30
1.58224E+12,9597.21,9755.51,9550.21,9677.05,42181.55452,1.58233E+12,408286949.8,470599,21645.26761,209532434.6,0,2/21/2020 5:30
1.58233E+12,9677.05,9709.17,9560.02,9650.86,24636.75762,1.58242E+12,237544283.2,319961,13267.24651,127929553,0,2/22/2020 5:30
1.58242E+12,9650.85,9990,9645,9936.4,37702.08984,1.5825E+12,371815095.5,441935,20035.25055,197592792.9,0,2/23/2020 5:30
1.5825E+12,9936.4,9990,9473.56,9656.13,55796.59612,1.58259E+12,542081527.6,589384,26426.93064,256859539,0,2/24/2020 5:30
1.58259E+12,9655.52,9675,9250,9315.84,54379.34455,1.58268E+12,514946930.6,579079,26318.93416,249358678.9,0,2/25/2020 5:30
1.58268E+12,9316.48,9377.44,8633.63,8785.25,92130.34548,1.58276E+12,830717784.4,871018,41928.87481,378197861.6,0,2/26/2020 5:30
1.58276E+12,8786,8971.77,8531,8823.21,72483.57876,1.58285E+12,636955872.8,696646,35410.01449,311229361.7,0,2/27/2020 5:30
1.58285E+12,8823.25,8900,8445,8692.91,71155.20898,1.58293E+12,615664817,655727,35295.60614,305533927,0,2/28/2020 5:30
1.58293E+12,8690.8,8790,8523.55,8523.61,36748.18304,1.58302E+12,318585952,414175,18916.85456,164044036.9,0,2/29/2020 5:30
1.58302E+12,8523.61,8750,8411,8531.88,43892.20178,1.58311E+12,375729315.3,472019,21838.36887,186962259.7,0,3/1/2020 5:30
1.58311E+12,8530.3,8965.75,8498,8915.24,60401.31773,1.58319E+12,528906629.6,564535,31213.0806,273395227.9,0,3/2/2020 5:30
1.58319E+12,8911.18,8919.65,8651,8760.07,55154.99728,1.58328E+12,484181096.3,512762,26954.22975,236655810.1,0,3/3/2020 5:30
1.58328E+12,8760.07,8848.29,8660,8750.87,38696.48258,1.58337E+12,338849892,454817,19279.33119,168832874.5,0,3/4/2020 5:30
1.58337E+12,8750.99,9159.42,8746.54,9054.68,58201.86636,1.58345E+12,524102029.2,619552,30482.08217,274387102.9,0,3/5/2020 5:30
1.58345E+12,9054.64,9170,8985.5,9131.88,43782.94804,1.58354E+12,397598476.4,493216,22296.56051,202484342.2,0,3/6/2020 5:30
1.58354E+12,9130.89,9188,8835,8886.66,45422.20453,1.58363E+12,409983263.8,485400,22281.71586,201161181.3,0,3/7/2020 5:30
1.58363E+12,8885.25,8886.76,8000,8033.31,77537.31517,1.58371E+12,656931544.8,740741,34843.60785,295351474.4,0,3/8/2020 5:30
1.58371E+12,8034.76,8179.31,7632.01,7929.87,116968.8633,1.5838E+12,918787729.1,929234,58020.95793,455866837.3,0,3/9/2020 5:30
1.5838E+12,7929.87,8149,7728.01,7894.56,86783.44388,1.58388E+12,689700153.4,737528,43673.58402,347117049.4,0,3/10/2020 5:30
1.58388E+12,7894.57,7980,7590,7934.52,79942.41117,1.58397E+12,624465167.4,699401,40497.89274,316442882.8,0,3/11/2020 5:30
1.58397E+12,7934.58,7966.17,4410,4800,261505.6087,1.58406E+12,1628590104,1770812,119298.0062,743481672.2,0,3/12/2020 5:30
1.58406E+12,4800.01,5955,3782.13,5578.6,402201.6738,1.58414E+12,2063819541,2309830,197511.9543,1017423856,0,3/13/2020 5:30
1.58414E+12,5576.05,5640.52,5055.13,5172.06,136910.136,1.58423E+12,736651880.9,1106125,66104.01973,356020329.9,0,3/14/2020 5:30
1.58423E+12,5172.48,5940,5093.1,5361.3,139916.1465,1.58432E+12,753755706.4,1037714,70540.65095,380499471.9,0,3/15/2020 5:30
1.58432E+12,5360.33,5365.42,4442.12,5028.97,227276.9228,1.5844E+12,1113690309,1608176,108901.9674,533857910.8,0,3/16/2020 5:30
1.5844E+12,5028.86,5525,4921.45,5312.64,150089.9263,1.58449E+12,793147908.3,1069217,74698.37425,394902319.1,0,3/17/2020 5:30
1.58449E+12,5312.64,5436.17,5009.37,5393.04,137127.6349,1.58458E+12,719748122.5,962843,65106.06778,341970839.6,0,3/18/2020 5:30
1.58458E+12,5393.26,6400,5252.53,6162.37,199020.8734,1.58466E+12,1164739708,1403608,99011.94701,579536547.8,0,3/19/2020 5:30
1.58466E+12,6162.05,6900,5670,6208.36,219298.3295,1.58475E+12,1401734013,1580069,104719.6392,670117999.1,0,3/20/2020 5:30
1.58475E+12,6204.57,6456.98,5860.02,6186.98,128913.6684,1.58484E+12,794962136.6,990974,63326.09685,390737241.1,0,3/21/2020 5:30
1.58484E+12,6187.04,6407.87,5734.01,5816.19,119115.9905,1.58492E+12,722895653.5,952259,57189.89835,347411876.4,0,3/22/2020 5:30
1.58492E+12,5816.05,6600,5688,6467.31,164674.2158,1.58501E+12,1015525672,1099406,84136.01173,519197453.1,0,3/23/2020 5:30
1.58501E+12,6465.25,6833,6371.33,6744.72,151138.0099,1.58509E+12,1001890515,1012669,72781.81733,482659188.6,0,3/24/2020 5:30
1.58509E+12,6744.69,6957.96,6450,6677.43,132155.735,1.58518E+12,880250736.9,912179,63515.16835,423439621.6,0,3/25/2020 5:30
1.58518E+12,6677.42,6780,6510,6737.36,83026.55521,1.58527E+12,552537189.5,668467,41123.41051,273834254.5,0,3/26/2020 5:30
1.58527E+12,6737.27,6842.59,6261,6359.11,82914.96835,1.58535E+12,551326113.9,643631,38439.27222,255910741.8,0,3/27/2020 5:30
1.58535E+12,6359.11,6360,6024,6236.65,93159.69343,1.58544E+12,577986706.1,725588,44960.52344,279053353.6,0,3/28/2020 5:30
1.58544E+12,6236.65,6266,5866.56,5881.42,63311.62771,1.58553E+12,383707122.5,496709,29080.96792,176336037.9,0,3/29/2020 5:30
1.58553E+12,5880.5,6599,5857.76,6394.38,118889.55,1.58561E+12,747569726.5,784034,58863.31298,370039956,0,3/30/2020 5:30
1.58561E+12,6394.45,6523.23,6321.4,6410.44,72337.59526,1.5857E+12,465780496.6,538231,34730.90233,223650665.2,0,3/31/2020 5:30
1.5857E+12,6412.14,6679.94,6150.11,6642.92,97500.7524,1.58579E+12,618527468.8,758061,49161.3702,312180123,0,4/1/2020 5:30
1.58579E+12,6643.36,7198,6551,6794.09,149299.9069,1.58587E+12,1014494762,1101043,74722.16375,508095826,0,4/2/2020 5:30
1.58587E+12,6793.86,7048,6602.1,6734.1,104080.2769,1.58596E+12,710254017.1,840456,51077.93867,348762338.7,0,4/3/2020 5:30
1.58596E+12,6732.97,6990.41,6650.01,6856.99,72990.86114,1.58604E+12,495076283.5,659051,36419.05668,247173793.3,0,4/4/2020 5:30
1.58604E+12,6857.41,6895.54,6677.52,6772.78,49685.35698,1.58613E+12,337062083,506433,23875.57831,162008820.4,0,4/5/2020 5:30
1.58613E+12,6772.78,7355.14,6765,7329.9,118052.0008,1.58622E+12,837357664.7,956586,59322.20887,420706756.2,0,4/6/2020 5:30
1.58622E+12,7329.9,7459.69,7077,7197.32,103585.1689,1.5863E+12,757201786.7,924436,48811.26779,357008427.7,0,4/7/2020 5:30
1.5863E+12,7197.32,7420,7150,7361.28,76059.14584,1.58639E+12,555122600.3,750516,39000.55257,284685809.8,0,4/8/2020 5:30
1.58639E+12,7360.26,7371.92,7108.08,7283.54,61094.87242,1.58648E+12,444741085.9,686207,28801.89285,209718590.1,0,4/9/2020 5:30
1.58648E+12,7283.54,7295.75,6739.98,6858.92,104674.6234,1.58656E+12,727281590.8,949050,47958.96081,333222230.7,0,4/10/2020 5:30
1.58656E+12,6858.92,6944.3,6760,6876.83,45470.29321,1.58665E+12,311699573.5,484618,21157.12838,145036158.5,0,4/11/2020 5:30
1.58665E+12,6876.84,7177,6780,6903.79,73868.6665,1.58674E+12,516235035.2,648323,35637.95869,249206873.2,0,4/12/2020 5:30
1.58674E+12,6903.79,6903.79,6575,6837.91,96415.47657,1.58682E+12,649390681.2,804179,44648.49219,300780988.7,0,4/13/2020 5:30
1.58682E+12,6838.04,6978,6754.28,6868.7,69068.62329,1.58691E+12,474794776.2,608665,32019.32234,220122993.7,0,4/14/2020 5:30
1.58691E+12,6868.57,6933,6605,6621.24,61571.38499,1.587E+12,416947490.6,581374,29866.89225,202324176.2,0,4/15/2020 5:30
1.587E+12,6621.25,7190,6468.27,7101.94,125009.8575,1.58708E+12,865277543.4,971163,63251.20433,438475139.1,0,4/16/2020 5:30
1.58708E+12,7101.99,7148.12,6972.98,7027.55,54126.50976,1.58717E+12,382334236.2,537554,25973.97068,183489537.2,0,4/17/2020 5:30
1.58717E+12,7026.78,7293.08,7014.4,7248.6,49488.54282,1.58725E+12,354845083.8,494670,23980.64473,171950110.4,0,4/18/2020 5:30
1.58725E+12,7248.6,7266.15,7055.6,7120.74,45664.86393,1.58734E+12,326485586.9,483574,21519.03098,153854417.4,0,4/19/2020 5:30
1.58734E+12,7121.4,7220,6751,6826.83,90149.49137,1.58743E+12,629612368.7,785174,40427.51593,282531224.3,0,4/20/2020 5:30
1.58743E+12,6828.98,6940,6762,6841.37,60109.71081,1.58751E+12,411800606.1,555797,27732.1644,190003705.3,0,4/21/2020 5:30
1.58751E+12,6841.36,7156.38,6818,7125.14,61486.37733,1.5876E+12,431271646.2,508659,28258.85992,198241316,0,4/22/2020 5:30
1.5876E+12,7125.12,7738,7020,7482.39,102773.5696,1.58769E+12,756320213.6,881099,52475.59854,386041564.8,0,4/23/2020 5:30
1.58769E+12,7483.96,7615.96,7388,7505,60182.11994,1.58777E+12,452118137.8,601093,29412.50914,220931579.3,0,4/24/2020 5:30
1.58777E+12,7505,7705,7431.07,7538.67,43874.42773,1.58786E+12,331292050.8,521943,21111.14095,159480178.4,0,4/25/2020 5:30
1.58786E+12,7539.03,7700,7480,7693.1,50522.61621,1.58795E+12,384202783.3,554480,24707.49423,187939788.8,0,4/26/2020 5:30
1.58795E+12,7693.1,7792.02,7606,7774.62,65441.33958,1.58803E+12,504025811.7,637800,31594.1066,243380424.9,0,4/27/2020 5:30
1.58803E+12,7773.51,7780,7659.12,7738.98,46302.75264,1.58812E+12,357391780.9,499414,21305.50136,164468534.1,0,4/28/2020 5:30
1.58812E+12,7738.58,8952.89,7710.05,8778.57,183546.8875,1.5882E+12,1536390177,1433128,91462.00562,765292175.1,0,4/29/2020 5:30
1.5882E+12,8778.58,9460,8401,8620,206277.2141,1.58829E+12,1839283907,1661554,99484.47638,887675398.2,0,4/30/2020 5:30
1.58829E+12,8620,9059.18,8613.56,8826.96,91468.81506,1.58838E+12,805640126.6,865960,44763.35448,394216389.9,0,5/1/2020 5:30
1.58838E+12,8825.67,9010,8753,8972.05,59002.08755,1.58846E+12,523838859.5,637884,30400.35345,269917468.3,0,5/2/2020 5:30
1.58846E+12,8972.58,9200,8712,8894.16,90126.06564,1.58855E+12,808427095.9,877460,44321.3704,397824441.8,0,5/3/2020 5:30
1.58855E+12,8894.15,8950,8522,8871.96,84418.51233,1.58864E+12,738343818.7,848802,39118.38022,342180074.6,0,5/4/2020 5:30
1.58864E+12,8871.92,9118.58,8760,9021.83,76480.76534,1.58872E+12,683083018.9,812543,37454.51838,334700993.4,0,5/5/2020 5:30
1.58872E+12,9021.36,9395,8906.21,9142.92,105925.3024,1.58881E+12,972793508.5,1007661,51189.79089,470167656.6,0,5/6/2020 5:30
1.58881E+12,9143.4,10067,9021,9986.4,147154.6114,1.5889E+12,1409783462,1254835,74602.19311,715407978.2,0,5/7/2020 5:30
1.5889E+12,9986.3,10035.96,9705,9800.01,100683.7964,1.58898E+12,997005843.7,967816,46207.63759,457701324.9,0,5/8/2020 5:30
1.58898E+12,9800.02,9914.25,9520,9539.4,81950.67957,1.58907E+12,795001351.7,839384,36738.67924,356475632.7,0,5/9/2020 5:30
1.58907E+12,9539.1,9574.83,8117,8722.77,183865.182,1.58916E+12,1594996477,1565771,84376.58077,731417660.4,0,5/10/2020 5:30
1.58916E+12,8722.77,9168,8200,8561.52,168807.2518,1.58924E+12,1468392821,1367382,81474.59507,708958944.2,0,5/11/2020 5:30
1.58924E+12,8562.04,8978.26,8528.78,8810.79,86522.78007,1.58933E+12,760195457.1,784859,40570.3174,356508014.2,0,5/12/2020 5:30
1.58933E+12,8810.99,9398,8792.99,9309.37,92466.27402,1.58941E+12,839725720,869216,43648.35466,396713970,0,5/13/2020 5:30
1.58941E+12,9309.35,9939,9256.76,9791.98,129565.3775,1.5895E+12,1247456798,1199530,63438.51099,611313934.4,0,5/14/2020 5:30
1.5895E+12,9791.97,9845.62,9150,9316.42,115890.7615,1.58959E+12,1099721376,1055630,55397.12343,525813199.3,0,5/15/2020 5:30
1.58959E+12,9315.96,9588,9220,9381.27,59587.62786,1.58967E+12,560547005,692028,28861.3682,271542836.2,0,5/16/2020 5:30
1.58967E+12,9380.81,9888,9322.1,9680.04,68647.76432,1.58976E+12,663088800.8,722718,34734.03499,335478916,0,5/17/2020 5:30
1.58976E+12,9681.11,9950,9464.23,9733.93,82006.60358,1.58985E+12,797622297.3,794292,40242.84299,391957586.2,0,5/18/2020 5:30
1.58985E+12,9733.93,9897.21,9474,9775.53,78539.76045,1.58993E+12,760713946,773581,37821.71931,366745428.2,0,5/19/2020 5:30
1.58993E+12,9775.13,9842,9326,9511.43,74923.73809,1.59002E+12,721190802.8,731189,33481.79668,322416332,0,5/20/2020 5:30
1.59002E+12,9511.43,9578.47,8815,9068.65,108928.781,1.59011E+12,1002046266,951971,49914.08114,459089374.2,0,5/21/2020 5:30
1.59011E+12,9067.51,9271,8933.52,9170,58943.13102,1.59019E+12,537847834.5,693694,28987.3159,264538897.3,0,5/22/2020 5:30
1.59019E+12,9170,9307.85,9070,9179.15,43526.29697,1.59028E+12,400407195.6,512460,21377.61633,196682791.2,0,5/23/2020 5:30
1.59028E+12,9179.01,9298,8700,8720.34,70379.86645,1.59036E+12,636787240.4,774088,32046.41144,290362268.5,0,5/24/2020 5:30
1.59036E+12,8718.14,8979.66,8642.72,8900.35,62833.91095,1.59045E+12,553545285.9,733557,30771.88874,271166770.9,0,5/25/2020 5:30
1.59045E+12,8900.35,9017.67,8700,8841.18,58299.77014,1.59054E+12,516455128.9,678304,28242.17008,250278944.2,0,5/26/2020 5:30
1.59054E+12,8841,9225,8811.73,9204.07,68910.35551,1.59062E+12,624660855.8,662850,33532.62027,304057335,0,5/27/2020 5:30
1.59062E+12,9204.07,9625.47,9110,9575.89,74110.78766,1.59071E+12,693930106.2,738725,37974.89961,355720464.9,0,5/28/2020 5:30
1.59071E+12,9575.87,9605.26,9330,9427.07,57374.36296,1.5908E+12,542758086.6,593705,26819.21289,253696538.7,0,5/29/2020 5:30
1.5908E+12,9426.6,9740,9331.23,9697.72,55665.27254,1.59088E+12,530598690.1,651290,29252.6799,279016030.1,0,5/30/2020 5:30
1.59088E+12,9697.72,9700,9381.41,9448.27,48333.7864,1.59097E+12,461272298.9,651473,22778.00117,217450165,0,5/31/2020 5:30
1.59097E+12,9448.27,10380,9421.67,10200.77,76649.12696,1.59106E+12,749707596.7,826964,41530.41232,406777189.3,0,6/1/2020 5:30
1.59106E+12,10202.71,10228.99,9266,9518.04,108970.7732,1.59114E+12,1070060237,1004312,49354.90797,485973112.2,0,6/2/2020 5:30
1.59114E+12,9518.02,9690,9365.21,9666.24,46252.64494,1.59123E+12,441928818,562784,22656.30815,216537558,0,6/3/2020 5:30
1.59123E+12,9666.32,9881.63,9450,9789.06,57456.10097,1.59132E+12,557234945.6,665881,28778.23737,279263924.7,0,6/4/2020 5:30
1.59132E+12,9788.14,9854.75,9581,9621.16,47788.05005,1.5914E+12,465200788.2,566062,22329.10712,217444469,0,6/5/2020 5:30
1.5914E+12,9621.17,9735,9531.05,9666.3,32752.95089,1.59149E+12,315604867.2,435796,15832.69377,152610794.9,0,6/6/2020 5:30
1.59149E+12,9666.85,9802,9372.46,9746.99,57952.84839,1.59157E+12,556919603.8,637766,28426.59513,273242856.2,0,6/7/2020 5:30
1.59157E+12,9746.99,9800,9633,9782.01,40664.66413,1.59166E+12,395459395.8,485139,19744.03912,192037951,0,6/8/2020 5:30
1.59166E+12,9782,9877,9570,9772.43,46024.00129,1.59175E+12,447208895.8,551863,21901.19095,212965408.7,0,6/9/2020 5:30
1.59175E+12,9772.44,9992.72,9704.18,9885,47130.76298,1.59183E+12,462384305.4,560909,23128.16103,226982635.6,0,6/10/2020 5:30
1.59183E+12,9885.22,9964,9113,9280.4,94418.98473,1.59192E+12,902075648.5,966502,40972.06475,391689549.7,0,6/11/2020 5:30
1.59192E+12,9278.88,9557.12,9232.51,9465.13,50119.06693,1.59201E+12,472007894.4,553203,24344.81637,229325970.9,0,6/12/2020 5:30
1.59201E+12,9464.96,9494.73,9351,9473.34,27759.78485,1.59209E+12,261673162.3,392763,13531.00721,127577168.3,0,6/13/2020 5:30
1.59209E+12,9473.34,9480.99,9245,9342.1,30055.50661,1.59218E+12,282131272.4,415568,14465.41615,135811554.1,0,6/14/2020 5:30
1.59218E+12,9342.1,9495,8910.45,9426.02,86107.92471,1.59227E+12,793518842.6,839521,41630.74753,384031123.2,0,6/15/2020 5:30
1.59227E+12,9426.05,9589,9373.09,9525.59,52052.44693,1.59235E+12,494458269.1,543481,25692.83963,244097412.9,0,6/16/2020 5:30
1.59235E+12,9526.97,9565,9236.61,9465.14,48046.41115,1.59244E+12,453209812.2,536158,22842.83128,215532725.6,0,6/17/2020 5:30
1.59244E+12,9465.13,9489,9280,9386.32,37381.95377,1.59252E+12,351649555.1,475074,17940.40525,168801558.4,0,6/18/2020 5:30
1.59252E+12,9386.32,9438.3,9215.79,9310.23,45330.98367,1.59261E+12,423086965.2,503484,22055.96905,205898368.3,0,6/19/2020 5:30
1.59261E+12,9310.23,9395,9170.95,9358.95,30329.06538,1.5927E+12,282120360.6,382778,15125.08177,140741525.6,0,6/20/2020 5:30
1.5927E+12,9358.95,9422,9281.54,9294.69,24316.92623,1.59278E+12,227467940.6,321015,11779.79718,110215504.6,0,6/21/2020 5:30
1.59278E+12,9294.69,9780,9277.09,9685.69,57895.46834,1.59287E+12,550995799.1,588704,30738.20038,292712778.1,0,6/22/2020 5:30
1.59287E+12,9685.69,9720,9577.03,9624.89,41031.02938,1.59296E+12,395487616.5,474319,19112.60622,184247416.8,0,6/23/2020 5:30
1.59296E+12,9624.33,9670,9208,9296.49,61571.56146,1.59304E+12,579426702.8,572362,26903.54406,253131387.6,0,6/24/2020 5:30
1.59304E+12,9298.33,9340,9009.69,9249.49,55831.61916,1.59313E+12,514396747.4,536205,26546.39556,244659133.9,0,6/25/2020 5:30
1.59313E+12,9249.49,9298,9045.45,9162.21,50292.29828,1.59322E+12,461347064.8,510947,23307.90348,213866832.8,0,6/26/2020 5:30
1.59322E+12,9162.21,9196.24,8833,9012,46290.93011,1.5933E+12,419606802.2,499415,21056.87686,191013780.3,0,6/27/2020 5:30
1.5933E+12,9012,9191,8948.06,9116.35,30688.17642,1.59339E+12,278721674.9,374404,14982.80453,136093615.8,0,6/28/2020 5:30
1.59339E+12,9116.16,9238,9024.67,9192.56,42120.29326,1.59348E+12,384206326.5,434299,20449.0978,186542867.4,0,6/29/2020 5:30
1.59348E+12,9192.93,9205,9064.89,9138.55,31463.1628,1.59356E+12,287781334.5,328083,15267.74747,139674651.1,0,6/30/2020 5:30
1.59356E+12,9138.08,9292,9080.1,9232,38488.5287,1.59365E+12,354087627.2,374832,19068.83171,175429466.3,0,7/1/2020 5:30
1.59365E+12,9231.99,9261.96,8940,9086.54,45725.16808,1.59373E+12,417724468.9,470292,21637.63049,197709875.2,0,7/2/2020 5:30
1.59373E+12,9086.54,9125,9037.47,9058.26,28943.42018,1.59382E+12,263123750.5,343189,13719.52452,124722413.1,0,7/3/2020 5:30
1.59382E+12,9057.79,9190,9040.04,9135.46,26441.96848,1.59391E+12,240576054.9,335225,13588.8196,123666216.1,0,7/4/2020 5:30
1.59391E+12,9135,9145.24,8893.03,9069.41,34073.65363,1.59399E+12,308410443.7,384500,16276.23427,147339875.5,0,7/5/2020 5:30
1.59399E+12,9069.41,9375,9055.92,9344.2,54463.13228,1.59408E+12,502548376.2,533540,28132.94222,259636973.3,0,7/6/2020 5:30
1.59408E+12,9342.47,9379.42,9203,9257.39,34587.33668,1.59417E+12,320576525.4,433481,16284.849,150931441.6,0,7/7/2020 5:30
1.59417E+12,9257.4,9470,9231,9436.06,56140.51778,1.59425E+12,525344876.7,652605,28067.68064,262723969.1,0,7/8/2020 5:30
1.59425E+12,9436.06,9440.79,9160,9232.43,48044.45065,1.59434E+12,447640493.5,575491,22644.9155,210991009.7,0,7/9/2020 5:30
1.59434E+12,9232.42,9317.48,9125,9288.34,38295.49401,1.59443E+12,352238898.8,525484,18360.61317,168904319.3,0,7/10/2020 5:30
1.59443E+12,9288.34,9299.28,9178.25,9234.03,22561.366,1.59451E+12,208410250.5,413452,10815.47329,99921646.88,0,7/11/2020 5:30
1.59451E+12,9234.02,9345,9157.5,9302.75,30872.70229,1.5946E+12,285591381.5,484875,14980.1877,138584259,0,7/12/2020 5:30
1.5946E+12,9303.31,9343.82,9200.89,9242.62,42740.06912,1.59468E+12,396614086.8,642552,19689.44334,182734052,0,7/13/2020 5:30
1.59468E+12,9242.61,9279.54,9113,9255.85,45772.55251,1.59477E+12,421789086.5,613139,21666.53695,199673293.8,0,7/14/2020 5:30
1.59477E+12,9255.85,9276.49,9160.57,9197.6,39053.57967,1.59486E+12,360201683.5,554780,17977.67975,165822998,0,7/15/2020 5:30
1.59486E+12,9197.6,9226.15,9047.25,9133.72,43375.57119,1.59494E+12,395883667,681807,20410.13001,186271268.5,0,7/16/2020 5:30
1.59494E+12,9133.72,9186.83,9089.81,9154.32,28054.35874,1.59503E+12,256360345.6,470991,13397.53781,122434361.7,0,7/17/2020 5:30
1.59503E+12,9154.31,9219.3,9121.1,9170.28,22554.54146,1.59512E+12,206628105.4,430377,11502.70483,105387979.5,0,7/18/2020 5:30
1.59512E+12,9170.3,9232.27,9101.35,9208.99,26052.01942,1.5952E+12,238521988,440449,12873.37349,117870221.4,0,7/19/2020 5:30
1.5952E+12,9208.99,9221.52,9131,9160.78,35458.76408,1.59529E+12,325297289.3,557096,16527.69289,151623269.7,0,7/20/2020 5:30
1.59529E+12,9160.78,9437.73,9152.8,9390,60413.58249,1.59538E+12,563360524.8,782959,29470.51205,274802209.6,0,7/21/2020 5:30
1.59538E+12,9390,9544,9261,9518.16,48815.00411,1.59546E+12,457776105.6,663029,23362.19379,219166005.9,0,7/22/2020 5:30
1.59546E+12,9518.16,9664,9440.33,9603.27,51856.2335,1.59555E+12,494282948.7,735371,24461.26547,233235064.2,0,7/23/2020 5:30
1.59555E+12,9603.27,9637,9463.44,9537.8,43931.13621,1.59564E+12,419240263.5,677725,20416.29997,194861143.6,0,7/24/2020 5:30
1.59564E+12,9538.1,9732.9,9513,9700.42,40679.54542,1.59572E+12,391431695.7,675222,19626.60889,188907762.8,0,7/25/2020 5:30
1.59572E+12,9700.42,10111,9650,9931.54,65279.26932,1.59581E+12,644607634.5,945611,33748.33181,333445555,0,7/26/2020 5:30
1.59581E+12,9931.54,11394.86,9917.21,11029.96,150188.9331,1.59589E+12,1580355372,1901088,76650.61005,806266386.4,0,7/27/2020 5:30
1.59589E+12,11029.96,11242.23,10565,10906.27,97267.73419,1.59598E+12,1065375500,1475636,46575.43053,510271019,0,7/28/2020 5:30
1.59598E+12,10906.27,11342.82,10812,11100.53,76838.09423,1.59607E+12,853242253.6,1127302,36218.47707,402507227.1,0,7/29/2020 5:30
1.59607E+12,11100.52,11170,10831,11099.61,60794.82646,1.59615E+12,669779541.9,879960,28272.69877,311567992,0,7/30/2020 5:30
1.59615E+12,11099.79,11444,10960,11335.46,70063.66097,1.59624E+12,786344325.9,971584,34068.14337,382632611.4,0,7/31/2020 5:30
1.59624E+12,11335.46,11861,11220,11801.17,85087.48513,1.59633E+12,987817017.3,1174252,40523.73352,470714480,0,8/1/2020 5:30
1.59633E+12,11801.17,12123.46,10518.5,11071.35,97553.0776,1.59641E+12,1105757336,1459900,45974.78642,521934340.8,0,8/2/2020 5:30
1.59641E+12,11071.36,11473,10936,11219.81,56931.84148,1.5965E+12,641127593.3,919185,27133.03514,305554713.9,0,8/3/2020 5:30
1.5965E+12,11219.68,11414.98,11000,11191.97,58629.11371,1.59659E+12,658084242.7,863692,27861.61566,312734273.8,0,8/4/2020 5:30
1.59659E+12,11191.99,11780.93,11093,11744.91,74970.25685,1.59667E+12,861433645.4,964637,36130.38455,415113460.1,0,8/5/2020 5:30
1.59667E+12,11744.91,11900,11562.5,11762.46,63529.08502,1.59676E+12,746479211.7,919918,30044.2033,353083043.8,0,8/6/2020 5:30
1.59676E+12,11762.47,11909.94,11322,11594.23,65755.92602,1.59684E+12,767005529.3,940045,29993.01871,349862123.7,0,8/7/2020 5:30
1.59684E+12,11594.36,11808.27,11512,11761.41,41858.16104,1.59693E+12,489087264.4,779318,20448.35262,238996465.9,0,8/8/2020 5:30
1.59693E+12,11761.02,11797.11,11521.97,11681.68,41493.06734,1.59702E+12,483708602.9,853386,19031.22331,221877538.8,0,8/9/2020 5:30
1.59702E+12,11681.69,12067.35,11450,11892.92,84952.33789,1.5971E+12,1009169063,1340835,42058.72246,499909664.3,0,8/10/2020 5:30
1.5971E+12,11892.9,11935,11125,11392.08,90748.28463,1.59719E+12,1049615697,1343979,41221.96101,476990926.6,0,8/11/2020 5:30
1.59719E+12,11392.09,11617.52,11150,11564.33,64909.61364,1.59728E+12,743303608.1,1104096,30943.67211,354308406,0,8/12/2020 5:30
1.59728E+12,11564.34,11792.96,11270.36,11780,70132.4915,1.59736E+12,809611114.2,1243382,34841.7906,402381474.8,0,8/13/2020 5:30
1.59736E+12,11779.77,11850,11634.03,11760.54,59818.8527,1.59745E+12,702273220.7,1011746,28464.66955,334192256.7,0,8/14/2020 5:30
1.59745E+12,11760.55,11980,11680,11852.4,56237.90505,1.59754E+12,667446824.1,1018956,27303.96632,324138943.4,0,8/15/2020 5:30
1.59754E+12,11852.4,11931.72,11686,11911,41368.23691,1.59762E+12,489731524.6,790240,19342.04531,229032803.4,0,8/16/2020 5:30
1.59762E+12,11910.99,12468,11769.78,12281.13,84734.21154,1.59771E+12,1026883453,1210228,42291.0862,512410754.1,0,8/17/2020 5:30
1.59771E+12,12281.15,12387.77,11817.93,11945.01,75923.83553,1.5978E+12,920402307.2,1189390,35954.34998,436020475.3,0,8/18/2020 5:30
1.5978E+12,11945.1,12020.08,11561,11754.59,73940.16961,1.59788E+12,870612801.5,1258060,34861.13597,410547222.3,0,8/19/2020 5:30
1.59788E+12,11754.38,11888,11668,11853.55,46085.25435,1.59797E+12,543576025,798027,21992.90754,259381062.5,0,8/20/2020 5:30
1.59797E+12,11853.54,11878,11485.81,11531.34,64448.30614,1.59805E+12,755451999.7,1189668,30531.73287,357993659.7,0,8/21/2020 5:30
1.59805E+12,11531.23,11686,11376.81,11662.96,43678.70165,1.59814E+12,504305451.4,809328,21605.07092,249466430.9,0,8/22/2020 5:30
1.59814E+12,11663.51,11718.07,11514.13,11648.13,37900.00469,1.59823E+12,440406018.7,627352,18514.62753,215154211,0,8/23/2020 5:30
1.59823E+12,11648.12,11824.9,11585.09,11748.2,46212.39187,1.59831E+12,542298951.5,656584,22780.41949,267322530.4,0,8/24/2020 5:30
1.59831E+12,11748.19,11767.85,11117.64,11318.42,69590.92327,1.5984E+12,797034671.6,996668,33126.45198,379562265.6,0,8/25/2020 5:30
1.5984E+12,11318.42,11539.32,11244,11461.43,53998.23123,1.59849E+12,615452790,862654,25622.53674,291999409.4,0,8/26/2020 5:30
1.59849E+12,11461.42,11592.2,11125,11330.38,63246.03638,1.59857E+12,717474981.7,959270,30793.18067,349359723.9,0,8/27/2020 5:30
1.59857E+12,11330.38,11542.65,11276.89,11526.91,45953.90837,1.59866E+12,525606229.7,719985,21714.20286,248344753.1,0,8/28/2020 5:30
1.59866E+12,11526.9,11580.02,11417.04,11465.84,32973.7992,1.59875E+12,379228275.3,611834,15709.30999,180675288.4,0,8/29/2020 5:30
1.59875E+12,11465.84,11719,11458,11711.16,43177.87905,1.59883E+12,501375342.9,756541,22258.1159,258461346.5,0,8/30/2020 5:30
1.59883E+12,11711.17,11800.77,11570,11649.51,55353.61774,1.59892E+12,646723855.6,822062,26579.94028,310534861.6,0,8/31/2020 5:30
1.59892E+12,11649.51,12050.85,11515,11921.97,78148.19367,1.599E+12,928047313.5,1321492,37476.01938,444996773.7,0,9/1/2020 5:30
1.599E+12,11921.97,11954.57,11160.1,11388.54,87221.8456,1.59909E+12,1005391012,1373524,39972.30989,460939443.2,0,9/2/2020 5:30
1.59909E+12,11388.54,11462.6,9960.8,10140.85,121950.106,1.59918E+12,1325106403,1611610,54266.83286,590230451.1,0,9/3/2020 5:30
1.59918E+12,10138.29,10627.05,9875.5,10446.25,92733.59911,1.59926E+12,959925718.4,1434860,42707.83467,442163704.2,0,9/4/2020 5:30
1.59926E+12,10446.25,10565.68,9825,10166.69,90001.60557,1.59935E+12,917578408.9,1476782,43478.13232,443342852.2,0,9/5/2020 5:30
1.59935E+12,10166.69,10347.14,9994.86,10256.2,56368.78882,1.59944E+12,574903000.2,1053192,28033.43883,285904912.8,0,9/6/2020 5:30
1.59944E+12,10255.89,10410.75,9875,10373.44,62620.23068,1.59952E+12,634278537.8,927363,30576.70067,309796338.5,0,9/7/2020 5:30
1.59952E+12,10373.45,10438,9850,10126.65,73491.87842,1.59961E+12,742947902,1048125,34410.81447,348048428.9,0,9/8/2020 5:30
1.59961E+12,10126.66,10343,9981.01,10219.2,49347.11378,1.5997E+12,503082625.2,755560,23815.41243,242759702.9,0,9/9/2020 5:30
1.5997E+12,10219.29,10483.35,10070.83,10336.87,58253.75375,1.59978E+12,602390078.5,851877,27690.1125,286362452.8,0,9/10/2020 5:30
1.59978E+12,10336.86,10397.6,10200,10387.89,43830.25447,1.59987E+12,451241002.7,637869,21231.61073,218592078,0,9/11/2020 5:30
1.59987E+12,10387.89,10477.97,10269.25,10440.92,35379.1531,1.59996E+12,366912671.4,577724,17560.76889,182148657.5,0,9/12/2020 5:30
1.59996E+12,10440.67,10580.11,10200,10332.83,43837.60987,1.60004E+12,455338605.3,692439,20785.51733,215965189.3,0,9/13/2020 5:30
1.60004E+12,10332.84,10750,10212.34,10671.77,67059.29136,1.60013E+12,706175591.4,828957,31880.36316,335719021,0,9/14/2020 5:30
1.60013E+12,10671.77,10930.04,10606.48,10785.31,61822.45279,1.60021E+12,666457161.1,893852,29744.08728,320640236.4,0,9/15/2020 5:30
1.60021E+12,10785.23,11093,10661.22,10954.01,64991.51244,1.6003E+12,708644989.5,884153,31740.51169,346117690.6,0,9/16/2020 5:30
1.6003E+12,10954.01,11045.46,10745.83,10939.99,55601.61453,1.60039E+12,605010288.8,829137,27029.92704,294147097.6,0,9/17/2020 5:30
1.60039E+12,10940,11038.03,10812.84,10933.39,47266.72828,1.60047E+12,516147935.7,717371,23044.91989,251654627.2,0,9/18/2020 5:30
1.60047E+12,10933.4,11179.79,10887.37,11080.65,38440.03686,1.60056E+12,423651901.2,620127,19923.05927,219623766.3,0,9/19/2020 5:30
1.60056E+12,11080.64,11080.64,10723,10920.28,39157.92257,1.60065E+12,426815210.8,646329,19437.69436,211845335.5,0,9/20/2020 5:30
1.60065E+12,10920.28,10988.86,10296.35,10417.22,70683.43118,1.60073E+12,751020795.2,1028531,33628.93059,357346575.2,0,9/21/2020 5:30
1.60073E+12,10417.22,10572.71,10353,10529.61,43991.23548,1.60082E+12,460362500.7,738576,21497.46159,224981251.3,0,9/22/2020 5:30
1.60082E+12,10529.61,10537.15,10136.82,10241.46,51876.56808,1.60091E+12,539362015.2,774391,25012.70682,260045385.7,0,9/23/2020 5:30
1.60091E+12,10241.46,10795.24,10190.93,10736.32,57676.61943,1.60099E+12,604520870.1,789282,27946.80433,292936073,0,9/24/2020 5:30
1.60099E+12,10736.33,10760.53,10556.24,10686.67,48101.11701,1.60108E+12,512647249.1,733430,23566.33034,251168863.9,0,9/25/2020 5:30
1.60108E+12,10686.57,10820.94,10644.68,10728.6,28420.83666,1.60116E+12,304511477.7,502670,14314.53135,153391173.5,0,9/26/2020 5:30
1.60116E+12,10728.59,10799,10594.82,10774.25,30549.48325,1.60125E+12,327169249.5,516004,15101.03977,161737536.9,0,9/27/2020 5:30
1.60125E+12,10774.26,10950,10626,10696.12,50095.25173,1.60134E+12,544463219.6,686664,25219.07332,274111924.7,0,9/28/2020 5:30
1.60134E+12,10696.11,10867.54,10635.87,10840.48,41874.8984,1.60142E+12,449345822.5,587576,19896.07621,213544159.9,0,9/29/2020 5:30
1.60142E+12,10840.58,10849.34,10665.13,10776.59,39596.02732,1.60151E+12,425279696.3,595383,18712.05971,200976719.4,0,9/30/2020 5:30
1.60151E+12,10776.59,10920,10437,10619.13,60866.33289,1.6016E+12,652168989.5,794855,28449.9751,304779535.4,0,10/1/2020 5:30
1.6016E+12,10619.13,10664.64,10374,10570.4,50130.39371,1.60168E+12,526864379.3,777193,24123.90255,253507685.5,0,10/2/2020 5:30
1.60168E+12,10570.4,10603.56,10496.46,10542.06,22298.22134,1.60177E+12,235160884.6,381329,10752.46288,113392722.8,0,10/3/2020 5:30
1.60177E+12,10542.07,10696.87,10517.87,10666.63,23212.0016,1.60186E+12,246252050.9,377553,12123.27565,128619845.1,0,10/4/2020 5:30
1.60186E+12,10666.62,10798,10615.64,10792.21,34025.76165,1.60194E+12,364158510.2,483340,15551.58439,166457546.9,0,10/5/2020 5:30
1.60194E+12,10792.2,10800,10525,10599.66,48674.74047,1.60203E+12,520051256.1,734526,23189.6899,247740447.6,0,10/6/2020 5:30
1.60203E+12,10599.65,10681.87,10546.17,10666.39,32811.99028,1.60212E+12,348298562.9,503440,15783.35568,167548410.8,0,10/7/2020 5:30
1.60212E+12,10666.4,10950,10530.41,10925.57,51959.69157,1.6022E+12,559311760.4,659291,26482.59953,285240421,0,10/8/2020 5:30
1.6022E+12,10925.44,11104.64,10829,11050.64,48240.07324,1.60229E+12,530822321.5,635681,25658.6314,282409996,0,10/9/2020 5:30
1.60229E+12,11050.64,11491,11050.51,11293.22,43648.03694,1.60237E+12,494785212.2,698561,22807.20465,258432465.8,0,10/10/2020 5:30
1.60237E+12,11293.22,11445,11221,11369.02,29043.85134,1.60246E+12,329927755,509714,14470.44427,164384653.1,0,10/11/2020 5:30
1.60246E+12,11369.02,11720.01,11172,11528.25,52825.28371,1.60255E+12,604779845.8,740823,26865.92932,307665447.3,0,10/12/2020 5:30
1.60255E+12,11528.24,11557,11300,11420.56,42205.28371,1.60263E+12,482663390.7,618262,19346.15861,221257357.6,0,10/13/2020 5:30
1.60263E+12,11420.57,11547.98,11280,11417.89,41415.10602,1.60272E+12,472007015.7,590025,19070.05731,217375960.3,0,10/14/2020 5:30
1.60272E+12,11417.89,11617.34,11250.83,11505.12,48760.71768,1.60281E+12,556436445.6,662386,24019.23767,274171016.9,0,10/15/2020 5:30
1.60281E+12,11505.13,11541.15,11200,11319.32,48797.7495,1.60289E+12,553211001.6,693210,22821.59348,258752919.3,0,10/16/2020 5:30
1.60289E+12,11319.24,11402.42,11255,11360.2,22368.91524,1.60298E+12,253582776,365973,10318.02461,116996094.1,0,10/17/2020 5:30
1.60298E+12,11360.31,11505,11346.22,11503.14,23284.04119,1.60307E+12,266150824.3,346946,12396.1271,141743879.1,0,10/18/2020 5:30
1.60307E+12,11503.14,11823.99,11407.96,11751.47,47414.53469,1.60315E+12,550728683.8,650960,24716.39514,287236347.5,0,10/19/2020 5:30
1.60315E+12,11751.46,12038.38,11677.59,11909.99,62134.75066,1.60324E+12,737425592.1,906111,31911.70883,378905889,0,10/20/2020 5:30
1.60324E+12,11910,13217.68,11886.95,12780.96,114584.4568,1.60332E+12,1437122187,1453620,59033.67176,740274649.3,0,10/21/2020 5:30
1.60332E+12,12780.75,13185,12678.08,12968.52,70038.82414,1.60341E+12,905778888.9,1035811,33259.49504,430203750,0,10/22/2020 5:30
1.60341E+12,12968.84,13027.69,12720.08,12923.07,50386.99984,1.6035E+12,650680239.1,699313,24685.9255,318827712.2,0,10/23/2020 5:30
1.6035E+12,12923.06,13166.73,12870,13111.73,35952.20907,1.60358E+12,468299521.8,536821,18382.74458,239455378.1,0,10/24/2020 5:30
1.60358E+12,13111.73,13350,12888,13028.83,38481.5795,1.60367E+12,502672049.2,610498,17988.7671,235115943.8,0,10/25/2020 5:30
1.60367E+12,13029.64,13238.81,12765,13052.19,60951.67299,1.60376E+12,794395722.5,818144,29609.9947,385986654.7,0,10/26/2020 5:30
1.60376E+12,13052.15,13789.29,13019.87,13636.17,80796.554,1.60384E+12,1085214438,1003550,39833.62659,534892605.7,0,10/27/2020 5:30
1.60384E+12,13636.16,13859.48,12888,13266.4,94440.56123,1.60393E+12,1263487953,1234511,43387.69228,580505216.9,0,10/28/2020 5:30
1.60393E+12,13266.4,13642.91,12920.77,13455.7,74872.60213,1.60402E+12,997867948.9,1008433,37203.24566,495772429.4,0,10/29/2020 5:30
1.60402E+12,13455.69,13669.98,13115,13560.1,70657.77888,1.6041E+12,946818817.6,1060387,34438.58889,461667557.4,0,10/30/2020 5:30
1.6041E+12,13560.1,14100,13411.5,13791,67339.23852,1.60419E+12,927048458.5,1022202,35823.22565,493309455.8,0,10/31/2020 5:30
1.60419E+12,13791,13895,13603,13761.5,36285.64853,1.60428E+12,499124369.1,606248,17839.54476,245432626.6,0,11/1/2020 5:30
1.60428E+12,13761.49,13830,13195.05,13549.37,64566.42191,1.60436E+12,873629993.8,869850,29243.23366,395698601.6,0,11/2/2020 5:30
1.60436E+12,13549.63,14066.11,13284.99,14023.53,74115.63079,1.60445E+12,1009402088,1052569,38332.71333,522431362.9,0,11/3/2020 5:30
1.60445E+12,14023.53,14259,13525,14144.01,93016.98826,1.60453E+12,1293872665,1212959,45333.6616,630831907.1,0,11/4/2020 5:30
1.60453E+12,14144.01,15750,14093.56,15590.02,143741.5227,1.60462E+12,2131865609,1736055,72196.12712,1071067717,0,11/5/2020 5:30
1.60462E+12,15590.02,15960,15166,15579.92,122618.1977,1.60471E+12,1909660729,1654968,58528.76053,911733812.3,0,11/6/2020 5:30
1.60471E+12,15579.93,15753.52,14344.22,14818.3,101431.2066,1.60479E+12,1536510177,1557021,46204.87062,700220031.3,0,11/7/2020 5:30
1.60479E+12,14818.3,15650,14703.88,15475.1,65547.17857,1.60488E+12,998031373.8,998773,31175.66089,474978556.4,0,11/8/2020 5:30
1.60488E+12,15475.1,15840,14805.54,15328.41,108976.3341,1.60497E+12,1670447936,1505441,51350.44664,787324390.8,0,11/9/2020 5:30
1.60497E+12,15328.41,15460,15072.46,15297.21,61681.91961,1.60505E+12,943615126.1,1093466,28945.76657,442891690,0,11/10/2020 5:30
1.60505E+12,15297.21,15965,15272.68,15684.24,78469.74646,1.60514E+12,1226425496,1247167,40030.00217,625865373.4,0,11/11/2020 5:30
1.60514E+12,15684.25,16340.7,15440.64,16291.86,102196.3566,1.60523E+12,1628755509,1472049,50444.97887,804204066.4,0,11/12/2020 5:30
1.60523E+12,16291.85,16480,15952.35,16320.7,75691.88101,1.60531E+12,1230358611,1208773,35301.73094,574048021.7,0,11/13/2020 5:30
1.60531E+12,16320.04,16326.99,15670,16070.45,59116.34718,1.6054E+12,944765868.6,931424,27724.7678,443001467.2,0,11/14/2020 5:30
1.6054E+12,16069.56,16180,15774.72,15957,43596.84151,1.60548E+12,696651729.7,854441,20853.27085,333239080.6,0,11/15/2020 5:30
1.60548E+12,15957,16880,15864,16713.57,81300.67592,1.60557E+12,1335728014,1202386,41370.21366,679593360.6,0,11/16/2020 5:30
1.60557E+12,16713.08,17858.82,16538,17659.38,115221.4031,1.60566E+12,1982752071,1646652,58262.0626,1003081010,0,11/17/2020 5:30
1.60566E+12,17659.38,18476.93,17214.45,17776.12,149019.7881,1.60574E+12,2663337936,2091832,73412.73628,1312369472,0,11/18/2020 5:30
1.60574E+12,17777.75,18179.8,17335.65,17802.82,93009.56101,1.60583E+12,1656794229,1513304,45376.57785,808306887,0,11/19/2020 5:30
1.60583E+12,17802.81,18815.22,17740.04,18655.67,88423.01849,1.60592E+12,1623135139,1444692,43549.51207,799574963.8,0,11/20/2020 5:30
1.60592E+12,18655.66,18965.9,18308.58,18703.8,75577.45839,1.606E+12,1413641591,1451352,36788.09469,688352207.1,0,11/21/2020 5:30
1.606E+12,18703.8,18750,17610.86,18414.43,81645.73778,1.60609E+12,1497662550,1528524,39164.42638,718709271.1,0,11/22/2020 5:30
1.60609E+12,18413.88,18766,18000,18368,82961.50609,1.60618E+12,1529064320,1629379,39611.36062,730350629.7,0,11/23/2020 5:30
1.60618E+12,18368.01,19418.97,18018,19160.01,113581.5092,1.60626E+12,2145301450,2179862,58179.20088,1098976481,0,11/24/2020 5:30
1.60626E+12,19160,19484.21,18500.27,18719.11,93266.57689,1.60635E+12,1774870796,1785408,44575.07676,848724583.3,0,11/25/2020 5:30
1.60635E+12,18718.83,18915.03,16188,17149.47,181005.2467,1.60644E+12,3127314143,2770483,84478.80913,1459155976,0,11/26/2020 5:30
1.60644E+12,17149.47,17457.62,16438.08,17139.52,85297.02479,1.60652E+12,1446670351,1572299,42507.35843,720985570.3,0,11/27/2020 5:30
1.60652E+12,17139.53,17880.49,16865.56,17719.85,64910.69997,1.60661E+12,1128061605,1209385,31785.7069,552044705.4,0,11/28/2020 5:30
1.60661E+12,17719.84,18360.05,17517,18184.99,55329.0163,1.60669E+12,996743798.9,1141289,27883.9853,502287686.1,0,11/29/2020 5:30
1.60669E+12,18185,19863.16,18184.99,19695.87,115463.4669,1.60678E+12,2205929120,1744149,61033.4149,1166943549,0,11/30/2020 5:30
1.60678E+12,19695.87,19888,18001.12,18764.96,127698.7627,1.60687E+12,2446070335,2023802,63805.3929,1223282816,0,12/1/2020 5:30
1.60687E+12,18764.96,19342,18330,19204.09,75911.01348,1.60695E+12,1436895345,1566635,36421.6904,689901298.6,0,12/2/2020 5:30
1.60695E+12,19204.08,19598,18867.2,19421.9,66689.39128,1.60704E+12,1286548311,1242229,33868.3417,653783366.9,0,12/3/2020 5:30
1.60704E+12,19422.34,19527,18565.31,18650.52,71283.6682,1.60713E+12,1358079975,1286657,32363.45372,616745259.3,0,12/4/2020 5:30
1.60713E+12,18650.51,19177,18500,19147.66,42922.74857,1.60721E+12,813445434.1,932124,21360.26028,405002656.1,0,12/5/2020 5:30
1.60721E+12,19147.66,19420,18857,19359.4,37043.09186,1.6073E+12,709558933.6,820382,19009.40766,364303501,0,12/6/2020 5:30
1.6073E+12,19358.67,19420.91,18902.88,19166.9,41372.29629,1.60739E+12,793517668.7,840954,18881.80601,362249650.1,0,12/7/2020 5:30
1.60739E+12,19166.9,19294.84,18200,18324.11,61626.94761,1.60747E+12,1160658077,1143181,27811.37851,524064471.6,0,12/8/2020 5:30
1.60747E+12,18324.11,18639.57,17650,18541.28,79585.5538,1.60756E+12,1450130664,1302476,36809.00929,671042442.5,0,12/9/2020 5:30
1.60756E+12,18541.29,18557.32,17911.12,18254.63,52890.67509,1.60764E+12,966149529,891151,25604.60807,467840780.5,0,12/10/2020 5:30
1.60764E+12,18254.81,18292.73,17572.33,18036.53,72610.72426,1.60773E+12,1301081647,1117810,34194.98847,612882050.9,0,12/11/2020 5:30
1.60773E+12,18036.53,18948.66,18020.7,18808.69,49519.97843,1.60782E+12,915552835.9,891810,26056.33265,481756117.7,0,12/12/2020 5:30
1.60782E+12,18808.69,19411,18711.12,19174.99,56560.82174,1.6079E+12,1083520569,938022,29593.4651,566907850.6,0,12/13/2020 5:30
1.6079E+12,19174.99,19349,19000,19273.14,47257.20129,1.60799E+12,906101687.7,842382,22657.4634,434506325.3,0,12/14/2020 5:30
1.60799E+12,19273.69,19570,19050,19426.43,61834.36601,1.60808E+12,1196361528,1046423,31194.16085,603826364.4,0,12/15/2020 5:30
1.60808E+12,19426.43,21560,19278.6,21335.52,114306.3356,1.60816E+12,2325135959,1659135,61245.26238,1245917122,0,12/16/2020 5:30
1.60816E+12,21335.52,23800,21230,22797.16,184882.4767,1.60825E+12,4196645567,2795084,92409.40508,2097021809,0,12/17/2020 5:30
1.60825E+12,22797.15,23285.18,22350,23107.39,79646.13432,1.60834E+12,1820875361,1613775,38359.30216,877296889.5,0,12/18/2020 5:30
1.60834E+12,23107.39,24171.47,22750,23821.61,86045.06468,1.60842E+12,2018969879,1678611,42709.1115,1002105539,0,12/19/2020 5:30
1.60842E+12,23821.6,24295,23060,23455.52,76690.14569,1.60851E+12,1810862075,1743225,37124.11536,877166936.6,0,12/20/2020 5:30
1.60851E+12,23455.54,24102.77,21815,22719.71,88030.29724,1.6086E+12,2035446294,1593949,41983.0461,971417184.7,0,12/21/2020 5:30
1.6086E+12,22719.88,23837.1,22353.4,23810.79,87033.12616,1.60868E+12,2010758620,1496277,42681.32671,986428672.7,0,12/22/2020 5:30
1.60868E+12,23810.79,24100,22600,23232.76,119047.2597,1.60877E+12,2797688007,2194611,56660.20196,1332358610,0,12/23/2020 5:30
1.60877E+12,23232.39,23794.43,22703.42,23729.2,69013.83425,1.60885E+12,1602394244,1421257,35789.11132,831484211.7,0,12/24/2020 5:30
1.60885E+12,23728.99,24789.86,23433.6,24712.47,79519.94357,1.60894E+12,1919766317,1504426,41219.08816,995215944.6,0,12/25/2020 5:30
1.60894E+12,24712.47,26867.03,24500,26493.39,97806.51339,1.60903E+12,2496533065,1735574,49839.03407,1272279530,0,12/26/2020 5:30
1.60903E+12,26493.4,28422,25700,26281.66,148455.5862,1.60911E+12,4028928684,2438493,72649.34048,1972635486,0,12/27/2020 5:30
1.60911E+12,26281.54,27500,26101,27079.41,79721.7425,1.6092E+12,2151806809,1508204,37895.34562,1023061029,0,12/28/2020 5:30
1.6092E+12,27079.42,27410,25880,27385,69411.59261,1.60929E+12,1851617220,1605166,34276.9226,914954320.8,0,12/29/2020 5:30
1.60929E+12,27385,28996,27320,28875.54,95356.05783,1.60937E+12,2683953237,1916095,48057.90637,1352877360,0,12/30/2020 5:30
1.60937E+12,28875.55,29300,27850,28923.63,75508.50515,1.60946E+12,2173600125,1552793,36431.62208,1049389144,0,12/31/2020 5:30
1.60946E+12,28923.63,29600,28624.57,29331.69,54182.92501,1.60955E+12,1582526989,1314910,27455.80173,802247744.5,0,1/1/2021 5:30
1.60955E+12,29331.7,33300,28946.53,32178.33,129993.8734,1.60963E+12,4073842164,2245922,67446.30525,2110334724,0,1/2/2021 5:30
1.60963E+12,32176.45,34778.11,31962.99,33000.05,120957.5668,1.60972E+12,4057598425,2369698,59750.33287,2004428434,0,1/3/2021 5:30
1.60972E+12,33000.05,33600,28130,31988.71,140899.8857,1.6098E+12,4429010350,2642408,69088.46923,2173435409,0,1/4/2021 5:30
1.6098E+12,31989.75,34360,29900,33949.53,116049.997,1.60989E+12,3743617145,2526851,59691.75476,1927195094,0,1/5/2021 5:30
1.60989E+12,33949.53,36939.21,33288,36769.36,127139.2013,1.60998E+12,4431954249,2591783,63052.91465,2199632470,0,1/6/2021 5:30
1.60998E+12,36769.36,40365,36300,39432.28,132825.7004,1.61006E+12,5062569943,2814686,65055.10714,2482583240,0,1/7/2021 5:30
1.61006E+12,39432.48,41950,36500,40582.81,139789.9575,1.61015E+12,5568443209,2925632,67300.15522,2684975446,0,1/8/2021 5:30
1.61015E+12,40586.96,41380,38720,40088.22,75785.97968,1.61024E+12,3054779029,1998156,37007.32191,1491990706,0,1/9/2021 5:30
1.61024E+12,40088.22,41350,35111.11,38150.02,118209.5445,1.61032E+12,4604034730,2628050,55451.34467,2160976897,0,1/10/2021 5:30
1.61032E+12,38150.02,38264.74,30420,35404.47,249131.5399,1.61041E+12,8426879771,4431451,122133.4062,4133116283,0,1/11/2021 5:30
1.61041E+12,35410.37,36628,32531,34051.24,133948.152,1.6105E+12,4651302423,2674145,65098.3102,2261732479,0,1/12/2021 5:30
1.6105E+12,34049.15,37850,32380,37371.38,124477.9149,1.61058E+12,4322876606,2514289,63981.03831,2222872691,0,1/13/2021 5:30
1.61058E+12,37371.38,40100,36701.23,39144.5,102950.3894,1.61067E+12,3974826638,2297466,51264.46709,1979442593,0,1/14/2021 5:30
1.61067E+12,39145.21,39747.76,34408,36742.22,118300.9209,1.61076E+12,4371588899,2560801,57738.03422,2133723813,0,1/15/2021 5:30
1.61076E+12,36737.43,37950,35357.8,35994.98,86348.43151,1.61084E+12,3178840336,2066363,42420.42374,1563160122,0,1/16/2021 5:30
1.61084E+12,35994.98,36852.5,33850,35828.61,80157.72738,1.61093E+12,2843103040,1860642,39513.63856,1402648633,0,1/17/2021 5:30
1.61093E+12,35824.99,37469.83,34800,36631.27,70698.11875,1.61101E+12,2554843261,1707766,35621.50605,1289347187,0,1/18/2021 5:30
1.61101E+12,36622.46,37850,35844.06,35891.49,79611.30777,1.6111E+12,2935348499,1939371,38704.68162,1428235710,0,1/19/2021 5:30
1.6111E+12,35901.94,36415.31,33400,35468.23,89368.42292,1.61119E+12,3126721094,2234539,42546.63408,1489289968,0,1/20/2021 5:30
1.61119E+12,35468.23,35600,30071,30850.13,131803.1829,1.61127E+12,4281220574,2820752,61805.96152,2009389821,0,1/21/2021 5:30
1.61127E+12,30851.99,33826.53,28850,32945.17,142971.684,1.61136E+12,4483295872,2707810,70150.18846,2201161570,0,1/22/2021 5:30
1.61136E+12,32950,33456,31390.16,32078,64595.28768,1.61145E+12,2089098296,1700056,32680.77613,1057114175,0,1/23/2021 5:30
1.61145E+12,32078,33071,30900,32259.9,57978.03797,1.61153E+12,1864609665,1528287,27826.1192,895721122,0,1/24/2021 5:30
1.61153E+12,32259.45,34875,31910,32254.2,88499.22692,1.61162E+12,2958759289,2106548,44489.52413,1488432034,0,1/25/2021 5:30
1.61162E+12,32254.19,32921.88,30837.37,32467.77,84972.20691,1.61171E+12,2708545364,2010392,42402.31292,1352678099,0,1/26/2021 5:30
1.61171E+12,32464.01,32557.29,29241.72,30366.15,95911.96171,1.61179E+12,2958081422,2065953,46664.38164,1440079785,0,1/27/2021 5:30
1.61179E+12,30362.19,33783.98,29842.1,33364.86,92621.14562,1.61188E+12,2953553214,2060660,46067.78233,1468956156,0,1/28/2021 5:30
1.61188E+12,33368.18,38531.9,31915.4,34252.2,231827.0056,1.61196E+12,8195593336,4403349,116537.2478,4121941034,0,1/29/2021 5:30
1.61196E+12,34246.28,34933,32825,34262.88,84889.68134,1.61205E+12,2884500063,2201040,42418.4671,1441981401,0,1/30/2021 5:30
1.61205E+12,34262.89,34342.69,32171.67,33092.98,68742.28038,1.61214E+12,2289641046,1707064,32480.44736,1082502552,0,1/31/2021 5:30
1.61214E+12,33092.97,34717.27,32296.16,33526.37,82718.27688,1.61222E+12,2791776658,1810492,41855.84149,1413158967,0,2/1/2021 5:30
1.61222E+12,33517.09,35984.33,33418,35466.24,78056.65988,1.61231E+12,2716321896,1789672,39216.56311,1364790965,0,2/2/2021 5:30
1.61231E+12,35472.71,37662.63,35362.38,37618.87,80784.33366,1.6124E+12,2951232788,1881740,39863.07506,1456248046,0,2/3/2021 5:30
1.6124E+12,37620.26,38708.27,36161.95,36936.66,92080.7359,1.61248E+12,3452669022,2211866,45516.21369,1707710014,0,2/4/2021 5:30
1.61248E+12,36936.65,38310.12,36570,38290.24,66681.33428,1.61257E+12,2509278292,1853253,32756.38503,1232713880,0,2/5/2021 5:30
1.61257E+12,38289.32,40955.51,38215.94,39186.94,98757.31118,1.61266E+12,3922095149,2291646,52015.51336,2065180747,0,2/6/2021 5:30
1.61266E+12,39181.01,39700,37351,38795.69,84363.67976,1.61274E+12,3256521384,1976357,40764.38896,1574482908,0,2/7/2021 5:30
1.61274E+12,38795.69,46794.45,37988.89,46374.87,138597.5369,1.61283E+12,5881536977,3230961,72345.89157,3069313839,0,2/8/2021 5:30
1.61283E+12,46374.86,48142.19,44961.09,46420.42,115499.8617,1.61292E+12,5386255398,3119034,57429.56435,2679451036,0,2/9/2021 5:30
1.61292E+12,46420.42,47310,43727,44807.58,97154.1822,1.613E+12,4431650130,2891592,47971.98573,2190231239,0,2/10/2021 5:30
1.613E+12,44807.58,48678.9,43994.02,47969.51,89561.08145,1.61309E+12,4185630934,2570949,46138.33674,2158335923,0,2/11/2021 5:30
1.61309E+12,47968.66,48985.8,46125,47287.6,85870.0357,1.61317E+12,4080571909,2418841,41841.03914,1990472919,0,2/12/2021 5:30
1.61317E+12,47298.15,48150,46202.53,47153.69,63768.0974,1.61326E+12,3007710147,2058823,30996.30986,1462495400,0,2/13/2021 5:30
1.61326E+12,47156.78,49707.43,47014.17,48577.79,73735.47553,1.61335E+12,3584808349,2090070,38752.15668,1884009921,0,2/14/2021 5:30
1.61335E+12,48580.47,49010.92,45570.79,47911.1,79398.15678,1.61343E+12,3782219061,2313155,38176.36466,1819251656,0,2/15/2021 5:30
1.61343E+12,47911.1,50689.18,47003.62,49133.45,88813.2663,1.61352E+12,4349983778,2199849,45608.60384,2236524605,0,2/16/2021 5:30
1.61352E+12,49133.45,52618.74,48947,52119.71,85743.63782,1.61361E+12,4365831515,2514374,45055.44624,2294099235,0,2/17/2021 5:30
1.61361E+12,52117.67,52530,50901.9,51552.6,60758.04695,1.61369E+12,3149973077,1891592,28893.35862,1498231636,0,2/18/2021 5:30
1.61369E+12,51552.61,56368,50710.2,55906,79659.77802,1.61378E+12,4251167828,2339215,40556.02025,2164871310,0,2/19/2021 5:30
1.61378E+12,55906,57700.46,53863.93,55841.19,80948.20531,1.61387E+12,4551890860,2642846,38636.06627,2172833878,0,2/20/2021 5:30
1.61387E+12,55841.19,58352.8,55477.59,57408.57,58166.70851,1.61395E+12,3317998263,1950533,29506.08909,1683107088,0,2/21/2021 5:30
1.61395E+12,57412.35,57508.47,47622,54087.67,134019.4349,1.61404E+12,7213386720,3313083,63677.66198,3427217155,0,2/22/2021 5:30
1.61404E+12,54087.67,54183.59,44892.56,48891,169375.0251,1.61412E+12,8215839131,3825196,82464.14299,4002195292,0,2/23/2021 5:30
1.61412E+12,48891,51374.99,46988.69,49676.2,91881.20925,1.61421E+12,4574033001,2194532,45750.71483,2278566606,0,2/24/2021 5:30
1.61421E+12,49676.21,52041.73,46674.34,47073.73,83310.67312,1.6143E+12,4152188728,2305679,40610.66476,2026068518,0,2/25/2021 5:30
1.6143E+12,47073.73,48424.11,44106.78,46276.87,109423.2007,1.61438E+12,5086374533,2371766,53626.90462,2494190193,0,2/26/2021 5:30
1.61438E+12,46276.88,48394,45000,46106.43,66060.83429,1.61447E+12,3105897439,1757720,31987.01965,1505012111,0,2/27/2021 5:30
1.61447E+12,46103.67,46638.46,43000,45135.66,83055.36904,1.61456E+12,3708359965,1838345,40688.17185,1817797447,0,2/28/2021 5:30
1.61456E+12,45134.11,49790,44950.53,49587.03,85086.11165,1.61464E+12,4057515795,2147223,42616.99436,2032566686,0,3/1/2021 5:30
1.61464E+12,49595.76,50200,47047.6,48440.65,64221.06214,1.61473E+12,3120472070,1855583,31377.03808,1525145370,0,3/2/2021 5:30
1.61473E+12,48436.61,52640,48100.71,50349.37,81035.91371,1.61482E+12,4109521258,2242131,40955.3684,2077586899,0,3/3/2021 5:30
1.61482E+12,50349.37,51773.88,47500,48374.09,82649.71683,1.6149E+12,4079837241,2291936,40269.97789,1987955555,0,3/4/2021 5:30
1.6149E+12,48374.09,49448.93,46300,48751.71,78192.49637,1.61499E+12,3727133105,2054216,38318.31038,1827025012,0,3/5/2021 5:30
1.61499E+12,48746.81,49200,47070,48882.2,44399.23424,1.61508E+12,2143910705,1476474,21500.61562,1038365873,0,3/6/2021 5:30
1.61508E+12,48882.2,51450.03,48882.2,50971.75,55235.02803,1.61516E+12,2778875909,1758101,27885.59696,1402782880,0,3/7/2021 5:30
1.61516E+12,50959.11,52402.78,49274.67,52375.17,66987.35966,1.61525E+12,3400847931,1999401,33595.42957,1706117798,0,3/8/2021 5:30
1.61525E+12,52375.18,54895,51789.41,54884.5,71656.73708,1.61533E+12,3861450965,2194398,35011.54109,1886844774,0,3/9/2021 5:30
1.61533E+12,54874.67,57387.69,53005,55851.59,84749.23894,1.61542E+12,4700197563,2647284,42651.88741,2366856293,0,3/10/2021 5:30
1.61542E+12,55851.59,58150,54272.82,57773.16,81914.81286,1.61551E+12,4612366201,2509970,40603.44967,2288704819,0,3/11/2021 5:30
1.61551E+12,57773.15,58081.51,54962.84,57221.72,73405.40605,1.61559E+12,4162054726,2489931,35802.94146,2030616300,0,3/12/2021 5:30
1.61559E+12,57221.72,61844,56078.23,61188.39,83245.09135,1.61568E+12,4933383453,2559002,44387.23192,2631390815,0,3/13/2021 5:30
1.61568E+12,61188.38,61724.79,58966.78,58968.31,52601.05275,1.61577E+12,3176397574,1829769,25325.26705,1530051005,0,3/14/2021 5:30
1.61577E+12,58976.08,60633.43,54600,55605.2,102771.4273,1.61585E+12,5874241052,2683815,49825.43835,2848907087,0,3/15/2021 5:30
1.61585E+12,55605.2,56938.29,53271.34,56900.75,77986.69436,1.61594E+12,4304259208,2241208,37825.50149,2088111363,0,3/16/2021 5:30
1.61594E+12,56900.74,58974.73,54123.69,58912.97,70421.62084,1.61603E+12,3960992972,2204296,34778.74578,1957825523,0,3/17/2021 5:30
1.61603E+12,58912.97,60129.97,57023,57648.16,66580.40668,1.61611E+12,3900885761,2040947,32287.37991,1892327691,0,3/18/2021 5:30
1.61611E+12,57641,59468,56270.74,58030.01,52392.65296,1.6162E+12,3052711148,1885830,25552.51122,1489274083,0,3/19/2021 5:30
1.6162E+12,58030.01,59880,57820.17,58102.28,44476.94178,1.61628E+12,2616535093,1724131,22212.44672,1307023993,0,3/20/2021 5:30
1.61628E+12,58100.02,58589.1,55450.11,57351.56,48564.47027,1.61637E+12,2774223130,1773546,23648.94168,1350989191,0,3/21/2021 5:30
1.61637E+12,57351.56,58430.73,53650,54083.25,62581.62617,1.61646E+12,3527479514,1927345,30749.05903,1733579081,0,3/22/2021 5:30
1.61646E+12,54083.25,55830.9,53000,54340.89,59789.36543,1.61654E+12,3264650775,1740349,29563.40974,1614722151,0,3/23/2021 5:30
1.61654E+12,54342.8,57200,51700,52303.65,83537.46502,1.61663E+12,4583159614,2401988,39323.13007,2161386679,0,3/24/2021 5:30
1.61663E+12,52303.66,53287,50427.56,51293.78,87400.53454,1.61672E+12,4536327185,2099425,42947.39773,2229351570,0,3/25/2021 5:30
1.61672E+12,51293.78,55073.46,51214.6,55025.59,63813.77469,1.6168E+12,3397036141,1773150,31822.54524,1694326043,0,3/26/2021 5:30
1.6168E+12,55025.59,56700.36,53950,55817.14,50105.47506,1.61689E+12,2767070176,1528776,24739.94847,1365965317,0,3/27/2021 5:30
1.61689E+12,55817.14,56559.75,54691.84,55777.63,39050.38751,1.61698E+12,2178777329,1551283,19262.72594,1074959546,0,3/28/2021 5:30
1.61698E+12,55777.65,58405.82,54800.01,57635.47,67857.9374,1.61706E+12,3877131110,1983437,34373.80456,1963800174,0,3/29/2021 5:30
1.61706E+12,57635.46,59368,57071.35,58746.57,55122.44312,1.61715E+12,3221944107,1612744,27541.52668,1610812658,0,3/30/2021 5:30
1.61715E+12,58746.57,59800,56769,58740.55,60975.54267,1.61724E+12,3575976084,1928224,31074.81319,1823822793,0,3/31/2021 5:30
1.61724E+12,58739.46,59490,57935.45,58720.44,47415.61722,1.61732E+12,2789238880,1594431,22966.25674,1351151698,0,4/1/2021 5:30
1.61732E+12,58720.45,60200,58428.57,58950.01,47382.41878,1.61741E+12,2811159761,1666356,23695.69515,1406393730,0,4/2/2021 5:30
1.61741E+12,58950.01,59791.72,56880,57051.94,47409.85211,1.61749E+12,2783151686,1606805,23057.96702,1353960265,0,4/3/2021 5:30
1.61749E+12,57051.95,58492.85,56388,58202.01,41314.08197,1.61758E+12,2380139011,1499113,20609.13416,1187123543,0,4/4/2021 5:30
1.61758E+12,58202.01,59272,56777.77,59129.99,54258.01579,1.61767E+12,3155214764,2035877,27269.49269,1586344788,0,4/5/2021 5:30
1.61767E+12,59129.99,59495.24,57413.02,57991.15,54201.00073,1.61775E+12,3166911557,1960513,26699.19787,1560539126,0,4/6/2021 5:30
1.61775E+12,57990.03,58655,55473,55953.45,71228.40566,1.61784E+12,4053294016,2206433,34737.58216,1977438034,0,4/7/2021 5:30
1.61784E+12,55953.44,58153.31,55700,58077.52,44283.14702,1.61793E+12,2531779683,1661080,22161.69051,1267126859,0,4/8/2021 5:30
1.61793E+12,58077.52,58894.9,57654,58142.54,40831.88491,1.61801E+12,2378340697,1615962,20354.23446,1185679368,0,4/9/2021 5:30
1.61801E+12,58142.55,61500,57900.01,59769.13,69906.42412,1.6181E+12,4197138552,2470398,36018.63757,2162858398,0,4/10/2021 5:30
1.6181E+12,59769.13,60699,59232.52,60002.43,41156.71539,1.61819E+12,2462032927,1746102,20798.05878,1244349091,0,4/11/2021 5:30
1.61819E+12,59998.8,61300,59350.59,59860,56375.03712,1.61827E+12,3393042868,1806298,27645.20115,1664588823,0,4/12/2021 5:30
1.61827E+12,59860.01,63777.77,59805.15,63575,82848.68875,1.61836E+12,5154877375,2703735,41662.53303,2592724448,0,4/13/2021 5:30
1.61836E+12,63575.01,64854,61301,62959.53,82616.34399,1.61844E+12,5239081228,2645625,40070.37753,2542171083,0,4/14/2021 5:30
1.61844E+12,62959.53,63800,62020,63159.98,51649.70034,1.61853E+12,3248931738,1938028,25628.16838,1612303095,0,4/15/2021 5:30
1.61853E+12,63158.74,63520.61,60000,61334.8,91764.13988,1.61862E+12,5647292670,2639940,43570.02315,2680750915,0,4/16/2021 5:30
1.61862E+12,61334.81,62506.05,59580.91,60006.66,58912.25613,1.6187E+12,3605701811,2268816,28386.27411,1737722135,0,4/17/2021 5:30
1.6187E+12,60006.67,60499,50931.3,56150.01,124882.1318,1.61879E+12,6949379727,3444089,59404.61681,3303953081,0,4/18/2021 5:30
1.61879E+12,56150.01,57526.81,54221.58,55633.14,78229.04227,1.61888E+12,4398619581,2390527,38362.38498,2156617047,0,4/19/2021 5:30
1.61888E+12,55633.14,57076.24,53329.96,56425,72744.48215,1.61896E+12,4037701392,2148820,35519.58973,1971916968,0,4/20/2021 5:30
1.61896E+12,56425,56757.91,53536.02,53787.63,66984.75691,1.61905E+12,3704549579,2134946,32188.92949,1780065583,0,4/21/2021 5:30
1.61905E+12,53787.62,55521.48,50500,51690.96,104656.6313,1.61914E+12,5594983857,2744621,50550.77147,2703745286,0,4/22/2021 5:30
1.61914E+12,51690.95,52131.85,47500,51125.14,132230.7807,1.61922E+12,6571097317,2888237,63769.62125,3170392794,0,4/23/2021 5:30
1.61922E+12,51110.56,51166.22,48657.14,50047.84,55361.51257,1.61931E+12,2762081003,1164985,26782.23301,1336607710,0,4/24/2021 5:30
1.61931E+12,50047.84,50567.91,46930,49066.77,58255.645,1.6194E+12,2867858315,1475479,27767.33139,1367920872,0,4/25/2021 5:30
1.6194E+12,49066.76,54356.62,48753.44,54001.39,86310.80212,1.61948E+12,4555688503,2174544,43183.93675,2277375507,0,4/26/2021 5:30
1.61948E+12,54001.38,55460,53222,55011.97,54064.03468,1.61957E+12,2949719328,1568666,25631.07463,1398731801,0,4/27/2021 5:30
1.61957E+12,55011.97,56428,53813.16,54846.22,55130.45902,1.61965E+12,3020242788,1830042,26762.03342,1466278915,0,4/28/2021 5:30
1.61965E+12,54846.23,55195.84,52330.94,53555,52486.01946,1.61974E+12,2823220335,1763676,25339.7439,1362821168,0,4/29/2021 5:30
1.61974E+12,53555,57963,53013.01,57694.27,68578.91005,1.61983E+12,3808187373,2267648,35634.12909,1978866536,0,4/30/2021 5:30
1.61983E+12,57697.25,58458.07,56956.14,57800.37,42600.35184,1.61991E+12,2460342955,1743013,20574.81023,1188354972,0,5/1/2021 5:30
1.61991E+12,57797.35,57911.02,56035.25,56578.21,36812.87886,1.62E+12,2089763230,1371638,18172.89184,1031569632,0,5/2/2021 5:30
1.62E+12,56578.21,58981.44,56435,57169.39,57649.93129,1.62009E+12,3337604543,2102128,28536.05553,1652286174,0,5/3/2021 5:30
1.62009E+12,57169.39,57200,53046.69,53200.01,85324.6259,1.62017E+12,4705402064,2492629,41029.68825,2262794504,0,5/4/2021 5:30
1.62017E+12,53205.05,58069.82,52900,57436.11,77263.92344,1.62026E+12,4327994296,2378119,38729.47502,2170539512,0,5/5/2021 5:30
1.62026E+12,57436.11,58360,55200,56393.68,70181.67191,1.62035E+12,3992289528,2459881,34248.89964,1949210282,0,5/6/2021 5:30
1.62035E+12,56393.68,58650,55241.63,57314.75,74542.74783,1.62043E+12,4239374487,2361692,36877.60257,2097609397,0,5/7/2021 5:30
1.62043E+12,57315.49,59500,56900,58862.05,69709.90603,1.62052E+12,4079553832,2311378,34329.69916,2009442623,0,5/8/2021 5:30
1.62052E+12,58866.53,59300,56235.66,58240.84,69806.11991,1.6206E+12,4043552702,2170139,34301.05046,1987959542,0,5/9/2021 5:30
1.6206E+12,58240.83,59500,53400,55816.14,89586.34925,1.62069E+12,5131782640,2575419,43057.97703,2468201498,0,5/10/2021 5:30
1.62069E+12,55816.14,56862.43,54370,56670.02,64329.54055,1.62078E+12,3583030655,1911480,30880.82834,1720075588,0,5/11/2021 5:30
1.62078E+12,56670.02,58000.01,48600,49631.32,99842.78984,1.62086E+12,5476115093,2676826,48299.826,2654897646,0,5/12/2021 5:30
1.62086E+12,49537.15,51367.19,46000,49670.97,147332.0021,1.62095E+12,7303694689,3570506,71742.00336,3558735468,0,5/13/2021 5:30
1.62095E+12,49671.92,51483,48799.75,49841.45,80082.20431,1.62104E+12,4015904915,2095860,37184.12886,1864162621,0,5/14/2021 5:30
1.62104E+12,49844.16,50700,46555,46762.99,89437.44936,1.62112E+12,4350775847,2286791,42257.91846,2056302845,0,5/15/2021 5:30
1.62112E+12,46762.99,49795.89,43825.39,46431.5,114269.8128,1.62121E+12,5367497608,2661295,53797.59088,2528671396,0,5/16/2021 5:30
1.62121E+12,46426.83,46686,42001,43538.04,166657.1727,1.6213E+12,7346755532,3216821,80610.14658,3555755756,0,5/17/2021 5:30
1.6213E+12,43538.02,45799.29,42250.02,42849.78,116979.8608,1.62138E+12,5146670283,2561165,55703.00041,2450848779,0,5/18/2021 5:30
1.62138E+12,42849.78,43584.9,30000,36690.09,354347.2432,1.62147E+12,13477694935,6331062,168271.3473,6410032517,0,5/19/2021 5:30
1.62147E+12,36671.23,42451.67,34850,40526.64,203017.5969,1.62156E+12,8019897067,4269898,100167.1264,3959645913,0,5/20/2021 5:30
1.62156E+12,40525.39,42200,33488,37252.01,202100.8883,1.62164E+12,7713346610,3993336,94002.43141,3591749387,0,5/21/2021 5:30
1.62164E+12,37263.35,38829,35200.62,37449.73,126542.2437,1.62173E+12,4730567648,2716691,63310.45201,2367081501,0,5/22/2021 5:30
1.62173E+12,37458.51,38270.64,31111.01,34655.25,217136.0466,1.62181E+12,7431242463,4082004,104637.6594,3584259320,0,5/23/2021 5:30
1.62181E+12,34681.44,39920,34031,38796.29,161630.894,1.6219E+12,5996773032,3510578,81584.82531,3031032099,0,5/24/2021 5:30
1.6219E+12,38810.99,39791.77,36419.62,38324.72,111996.2284,1.62199E+12,4253519579,2508310,54153.53681,2057463610,0,5/25/2021 5:30
1.62199E+12,38324.72,40841,37800.44,39241.91,104780.7734,1.62207E+12,4113717505,2432319,50485.07699,1983423342,0,5/26/2021 5:30
1.62207E+12,39241.92,40411.14,37134.27,38529.98,86547.15879,1.62216E+12,3361413526,2102182,42256.0128,1641681554,0,5/27/2021 5:30
1.62216E+12,38529.99,38877.83,34684,35663.49,135377.6297,1.62225E+12,4926260942,2659178,64327.28185,2341060689,0,5/28/2021 5:30
1.62225E+12,35661.79,37338.58,33632.76,34605.15,112663.0927,1.62233E+12,3949843335,2169643,54284.19965,1904345669,0,5/29/2021 5:30
1.62233E+12,34605.15,36488,33379,35641.27,73535.38697,1.62242E+12,2601994948,1559892,37406.8139,1324617923,0,5/30/2021 5:30
1.62242E+12,35641.26,37499,34153.84,37253.81,94160.73529,1.62251E+12,3406047735,1896359,46337.9325,1677796724,0,5/31/2021 5:30
1.62251E+12,37253.82,37894.81,35666,36693.09,81234.66377,1.62259E+12,2973928300,1760417,40291.83485,1475008291,0,6/1/2021 5:30
1.62259E+12,36694.85,38225,35920,37568.68,67587.3725,1.62268E+12,2523462576,1530915,34328.49629,1281854475,0,6/2/2021 5:30
1.62268E+12,37568.68,39476,37170,39246.79,75889.10601,1.62276E+12,2930945326,1949658,38664.29785,1493504668,0,6/3/2021 5:30
1.62276E+12,39246.78,39289.07,35555.15,36829,91317.79925,1.62285E+12,3379399755,1926311,43105.97173,1595098153,0,6/4/2021 5:30
1.62285E+12,36829.15,37925,34800,35513.2,70459.62149,1.62294E+12,2560547117,1463754,34397.77436,1249708171,0,6/5/2021 5:30
1.62294E+12,35516.07,36480,35222,35796.31,47650.20664,1.62302E+12,1711857075,993430,23661.26064,850204250.8,0,6/6/2021 5:30
1.62302E+12,35796.31,36900,33300,33552.79,77574.95257,1.62311E+12,2755673602,1532260,36431.56059,1295757612,0,6/7/2021 5:30
1.62311E+12,33556.96,34068.01,31000,33380.81,123251.189,1.6232E+12,4030784325,2074885,60095.9902,1966354848,0,6/8/2021 5:30
1.6232E+12,33380.8,37534.79,32396.82,37388.05,136607.5975,1.62328E+12,4794741674,2601479,68790.28927,2415789675,0,6/9/2021 5:30
1.62328E+12,37388.05,38491,35782,36675.72,109527.2849,1.62337E+12,4062957162,2231430,53639.42402,1990486079,0,6/10/2021 5:30
1.62337E+12,36677.83,37680.4,35936.77,37331.98,78466.0053,1.62346E+12,2903043643,1727645,39406.71922,1458619433,0,6/11/2021 5:30
1.62346E+12,37331.98,37463.63,34600.36,35546.11,87717.54999,1.62354E+12,3132387327,1719650,42571.20531,1520432734,0,6/12/2021 5:30
1.62354E+12,35546.12,39380,34757,39020.57,86921.02556,1.62363E+12,3208991522,1894103,45675.27362,1688611358,0,6/13/2021 5:30
1.62363E+12,39020.56,41064.05,38730,40516.29,108522.3919,1.62372E+12,4320307647,2185089,53645.90874,2135285913,0,6/14/2021 5:30
1.62372E+12,40516.28,41330,39506.4,40144.04,80679.62284,1.6238E+12,3247746714,1931890,39428.82973,1587381566,0,6/15/2021 5:30
1.6238E+12,40143.8,40527.14,38116.01,38349.01,87771.97694,1.62389E+12,3450556042,2134897,42137.24225,1657135675,0,6/16/2021 5:30
1.62389E+12,38349,39559.88,37365,38092.97,79541.30712,1.62397E+12,3065622530,1620210,37936.81267,1462729677,0,6/17/2021 5:30
1.62397E+12,38092.97,38202.84,35129.29,35819.84,95228.04294,1.62406E+12,3507868126,1809253,44824.43657,1651613641,0,6/18/2021 5:30
1.62406E+12,35820.48,36457,34803.52,35483.72,68712.44946,1.62415E+12,2453817535,1212278,33788.29335,1207082482,0,6/19/2021 5:30
1.62415E+12,35483.72,36137.72,33336,35600.16,89878.17085,1.62423E+12,3124634337,1691871,44194.06739,1537385055,0,6/20/2021 5:30
1.62423E+12,35600.17,35750,31251.23,31608.93,168778.8732,1.62432E+12,5545926078,2688993,81297.46975,2671033140,0,6/21/2021 5:30
1.62432E+12,31614.12,33298.78,28805,32509.56,204208.1798,1.62441E+12,6406159197,3113977,99149.18227,3115465363,0,6/22/2021 5:30
1.62441E+12,32509.56,34881,31683,33678.07,126966.1006,1.62449E+12,4282250434,2026228,63340.03314,2136458766,0,6/23/2021 5:30
1.62449E+12,33675.07,35298,32286.57,34663.09,86625.80426,1.62458E+12,2925373222,1531230,43994.7083,1486960778,0,6/24/2021 5:30
1.62458E+12,34663.08,35500,31275,31584.45,116061.1304,1.62467E+12,3846120543,2094932,55656.15625,1846078278,0,6/25/2021 5:30
1.62467E+12,31576.09,32730,30151,32283.65,107820.3753,1.62475E+12,3376415452,1814051,52978.15926,1659918820,0,6/26/2021 5:30
1.62475E+12,32283.65,34749,31973.45,34700.34,96613.24421,1.62484E+12,3199980158,1799875,48772.52918,1616348030,0,6/27/2021 5:30
1.62484E+12,34702.49,35297.71,33862.72,34494.89,82222.26782,1.62492E+12,2837122780,1868627,40552.29218,1399861431,0,6/28/2021 5:30
1.62492E+12,34494.89,36600,34225.43,35911.73,90788.79622,1.62501E+12,3233947792,1673802,45376.58763,1616093005,0,6/29/2021 5:30
1.62501E+12,35911.72,36100,34017.55,35045,77152.19763,1.6251E+12,2688939291,1301036,37035.76967,1290873346,0,6/30/2021 5:30
1.6251E+12,35045,35057.57,32711,33504.69,71708.26611,1.62518E+12,2410809595,1240681,34986.05502,1176002217,0,7/1/2021 5:30
1.62518E+12,33502.33,33977.04,32699,33786.55,56172.18138,1.62527E+12,1870193042,1176457,27271.65801,908203511.3,0,7/2/2021 5:30
1.62527E+12,33786.54,34945.61,33316.73,34669.13,43044.57864,1.62536E+12,1478423024,1078278,21331.87505,732586226.5,0,7/3/2021 5:30
1.62536E+12,34669.12,35967.85,34357.15,35286.51,43703.47579,1.62544E+12,1544458212,1164970,21180.33507,748187394.2,0,7/4/2021 5:30
1.62544E+12,35288.13,35293.78,33125.55,33690.14,64123.87425,1.62553E+12,2183406257,1109367,31489.85537,1071967415,0,7/5/2021 5:30
1.62553E+12,33690.15,35118.88,33532,34220.01,58210.59635,1.62562E+12,1991691101,1184687,27801.95449,951269024,0,7/6/2021 5:30
1.62562E+12,34220.02,35059.09,33777.77,33862.12,53807.52168,1.6257E+12,1857658028,1041416,27294.92393,941984588,0,7/7/2021 5:30
1.6257E+12,33862.11,33929.64,32077,32875.71,70136.48032,1.62579E+12,2304973020,1257892,35104.65523,1152928340,0,7/8/2021 5:30
1.62579E+12,32875.71,34100,32261.07,33815.81,47153.9399,1.62588E+12,1562958239,1236351,23660.0686,784288611.1,0,7/9/2021 5:30
1.62588E+12,33815.81,34262,33004.78,33502.87,34761.17547,1.62596E+12,1171790111,865508,17012.7592,573638406.5,0,7/10/2021 5:30
1.62596E+12,33502.87,34666,33306.47,34258.99,31572.64745,1.62605E+12,1070033013,952891,16434.53751,557336788.7,0,7/11/2021 5:30
1.62605E+12,34259,34678.43,32658.34,33086.63,48181.40376,1.62613E+12,1620646741,1176847,22602.90731,759877911,0,7/12/2021 5:30
1.62613E+12,33086.94,33340,32202.25,32729.77,41126.36101,1.62622E+12,1348583017,956053,19588.27851,642576716.6,0,7/13/2021 5:30
1.62622E+12,32729.12,33114.03,31550,32820.02,46777.82348,1.62631E+12,1515692075,1123129,22516.48572,730009068.1,0,7/14/2021 5:30
1.62631E+12,32820.03,33185.25,31133,31880,51639.57635,1.62639E+12,1652077965,1099367,24866.40579,795831015.7,0,7/15/2021 5:30
1.62639E+12,31874.49,32249.18,31020,31383.87,48499.86415,1.62648E+12,1538342712,1067591,23963.74457,760274744.6,0,7/16/2021 5:30
1.62648E+12,31383.86,31955.92,31164.31,31520.07,34012.24213,1.62657E+12,1072815966,883442,16649.05131,525240023.8,0,7/17/2021 5:30
1.62657E+12,31520.07,32435,31108.97,31778.56,35923.71619,1.62665E+12,1140964366,760979,17554.18265,557709781.1,0,7/18/2021 5:30
1.62665E+12,31778.57,31899,30407.44,30839.65,47340.4685,1.62674E+12,1470563282,846029,22709.51005,705480091.1,0,7/19/2021 5:30
1.62674E+12,30839.65,31063.07,29278,29790.35,61034.04902,1.62683E+12,1821230700,1062139,28424.82505,847855259.1,0,7/20/2021 5:30
1.62683E+12,29790.34,32858,29482.61,32144.51,82796.26513,1.62691E+12,2603140706,1415058,42584.67222,1338356406,0,7/21/2021 5:30
1.62691E+12,32144.51,32591.35,31708,32287.83,46148.09243,1.627E+12,1482763545,1000742,23274.51281,747848528.9,0,7/22/2021 5:30
1.627E+12,32287.58,33650,31924.32,33634.09,50112.86363,1.62708E+12,1631947003,1394786,25018.97708,815391041.2,0,7/23/2021 5:30
1.62708E+12,33634.1,34500,33401.14,34258.14,47977.55014,1.62717E+12,1625046258,1196914,23937.61781,810983258,0,7/24/2021 5:30
1.62717E+12,34261.51,35398,33851.12,35381.02,47852.92831,1.62726E+12,1646935553,1245775,24632.1493,848320775.4,0,7/25/2021 5:30
1.62726E+12,35381.02,40550,35205.78,37237.6,152452.5127,1.62734E+12,5832475057,3330102,77191.34608,2953296773,0,7/26/2021 5:30
1.62734E+12,37241.33,39542.61,36383,39457.87,88397.26702,1.62743E+12,3335658262,1938478,45137.30344,1703810516,0,7/27/2021 5:30
1.62743E+12,39456.61,40900,38772,40019.56,101344.5284,1.62752E+12,4040889462,2631048,49019.13628,1954994215,0,7/28/2021 5:30
1.62752E+12,40019.57,40640,39200,40016.48,53998.43928,1.6276E+12,2154190697,1428738,26700.92624,1065505375,0,7/29/2021 5:30
1.6276E+12,40018.49,42316.71,38313.23,42206.37,73602.78481,1.62769E+12,2939833541,1797012,37730.42686,1509172746,0,7/30/2021 5:30
1.62769E+12,42206.36,42448,41000.15,41461.83,44849.79101,1.62778E+12,1868285511,1565380,22844.24505,951887855.6,0,7/31/2021 5:30
1.62778E+12,41461.84,42599,39422.01,39845.44,53953.18633,1.62786E+12,2227567271,1603964,25796.7538,1066579609,0,8/1/2021 5:30
1.62786E+12,39850.27,40480.01,38690,39147.82,50837.35195,1.62795E+12,2010928004,1162878,24558.00534,971596720.9,0,8/2/2021 5:30
1.62795E+12,39146.86,39780,37642.03,38207.05,57117.43585,1.62804E+12,2195360659,1379871,27683.4666,1064118782,0,8/3/2021 5:30
1.62804E+12,38207.04,39969.66,37508.56,39723.18,52329.35243,1.62812E+12,2028792778,1220555,26804.21117,1039347052,0,8/4/2021 5:30
1.62812E+12,39723.17,41350,37332.7,40862.46,84343.75562,1.62821E+12,3314527738,1913281,41673.12908,1638359890,0,8/5/2021 5:30
1.62821E+12,40862.46,43392.43,39853.86,42836.87,75753.94135,1.62829E+12,3148022460,2223356,38278.00476,1591634314,0,8/6/2021 5:30
1.62829E+12,42836.87,44700,42446.41,44572.54,73396.74081,1.62838E+12,3197407326,2258213,37355.62385,1627865924,0,8/7/2021 5:30
1.62838E+12,44572.54,45310,43261,43794.37,69329.0927,1.62847E+12,3074924735,1857112,34099.15066,1512451140,0,8/8/2021 5:30
1.62847E+12,43794.36,46454.15,42779,46253.4,74587.88485,1.62855E+12,3362870286,2130595,38464.60543,1735618667,0,8/9/2021 5:30
1.62855E+12,46248.87,46700,44589.46,45584.99,53814.64342,1.62864E+12,2452485824,1951330,26592.36931,1212338435,0,8/10/2021 5:30
1.62864E+12,45585,46743.47,45341.14,45511,52734.90198,1.62873E+12,2432788770,1862925,27064.39384,1248929299,0,8/11/2021 5:30
1.62873E+12,45510.67,46218.12,43770,44399,55266.10878,1.62881E+12,2478758525,1623329,26765.08804,1200329051,0,8/12/2021 5:30
1.62881E+12,44400.06,47886,44217.39,47800,48239.37043,1.6289E+12,2239435701,1804716,25367.98824,1177391788,0,8/13/2021 5:30
1.6289E+12,47799.99,48144,45971.03,47068.51,46114.35902,1.62899E+12,2166461459,1849556,22999.52852,1080741766,0,8/14/2021 5:30
1.62899E+12,47068.5,47372.27,45500,46973.82,42110.71133,1.62907E+12,1950753713,1580122,21129.91978,979120004.2,0,8/15/2021 5:30
1.62907E+12,46973.82,48053.83,45660,45901.29,52480.57401,1.62916E+12,2462127630,1655378,25847.87244,1213162182,0,8/16/2021 5:30
1.62916E+12,45901.3,47160,44376,44695.95,57039.34163,1.62924E+12,2616339598,1781303,27320.26181,1253906923,0,8/17/2021 5:30
1.62924E+12,44695.95,46000,44203.28,44705.29,54099.41599,1.62933E+12,2439673266,1656723,28538.22373,1286718405,0,8/18/2021 5:30
1.62933E+12,44699.37,47033,43927.7,46760.62,53411.75392,1.62942E+12,2416320067,1774382,27193.50515,1230827552,0,8/19/2021 5:30
1.62942E+12,46760.62,49382.99,46622.99,49322.47,56850.35223,1.6295E+12,2721131744,1950404,29725.88511,1422944576,0,8/20/2021 5:30
1.6295E+12,49322.47,49757.04,48222,48821.87,46745.13658,1.62959E+12,2290966131,2069725,23119.67379,1133342368,0,8/21/2021 5:30
1.62959E+12,48821.88,49500,48050,49239.22,37007.8878,1.62968E+12,1807169840,1610192,18587.87755,907708162.1,0,8/22/2021 5:30
1.62968E+12,49239.22,50500,49029,49488.85,52462.54195,1.62976E+12,2616721364,2143309,26218.97512,1307817635,0,8/23/2021 5:30
1.62976E+12,49488.85,49860,47600,47674.01,51014.59475,1.62985E+12,2486079316,1692896,24702.92344,1203899650,0,8/24/2021 5:30
1.62985E+12,47674.01,49264.3,47126.28,48973.32,44655.83034,1.62994E+12,2149442272,1559186,21796.87767,1049712097,0,8/25/2021 5:30
1.62994E+12,48973.32,49352.84,46250,46843.87,49371.27777,1.63002E+12,2333900030,1532753,23686.5635,1120008932,0,8/26/2021 5:30
1.63002E+12,46843.86,49149.93,46348,49069.9,42068.10497,1.63011E+12,2007071230,1320503,21727.05079,1036769756,0,8/27/2021 5:30
1.63011E+12,49069.9,49299,48346.88,48895.35,26681.06379,1.6302E+12,1303966036,793012,13895.76368,679193791.6,0,8/28/2021 5:30
1.6302E+12,48895.35,49632.27,47762.54,48767.83,32652.28347,1.63028E+12,1588661416,1193046,16157.0431,786599088.7,0,8/29/2021 5:30
1.63028E+12,48767.84,48888.61,46853,46982.91,40288.35083,1.63037E+12,1932344431,1204012,19637.84056,942218565,0,8/30/2021 5:30
1.63037E+12,46982.91,48246.11,46700,47100.89,48645.52737,1.63045E+12,2303799571,1300400,24426.21235,1156878831,0,8/31/2021 5:30
1.63045E+12,47100.89,49156,46512,48810.52,49904.65528,1.63054E+12,2386074445,1280384,25102.36864,1200480555,0,9/1/2021 5:30
1.63054E+12,48810.51,50450.13,48584.06,49246.64,54410.77054,1.63063E+12,2704192315,1549849,28351.80723,1409412062,0,9/2/2021 5:30
1.63063E+12,49246.63,51000,48316.84,49999.14,59025.64416,1.63071E+12,2949574478,1645163,29625.44338,1481238133,0,9/3/2021 5:30
1.63071E+12,49998,50535.69,49370,49915.64,34664.65959,1.6308E+12,1733527136,1225830,16739.70385,837225473.7,0,9/4/2021 5:30
1.6308E+12,49917.54,51900,49450,51756.88,40544.83587,1.63089E+12,2049212026,1417660,21557.23586,1090239907,0,9/5/2021 5:30
1.63089E+12,51756.88,52780,50969.33,52663.9,49249.66708,1.63097E+12,2549290983,1678015,24620.35253,1274643404,0,9/6/2021 5:30
1.63097E+12,52666.2,52920,42843.05,46863.73,123048.8027,1.63106E+12,6004105773,3321711,57935.60198,2832268574,0,9/7/2021 5:30
1.63106E+12,46868.57,47340.99,44412.02,46048.31,65069.3152,1.63115E+12,3000605794,1796101,31796.7476,1466544608,0,9/8/2021 5:30
1.63115E+12,46048.31,47399.97,45513.08,46395.14,50651.66002,1.63123E+12,2351862984,1567586,24183.38803,1122994691,0,9/9/2021 5:30
1.63123E+12,46395.14,47033,44132.29,44850.91,49048.26618,1.63132E+12,2243698626,1569941,24358.59799,1114490734,0,9/10/2021 5:30
1.63132E+12,44842.2,45987.93,44722.22,45173.69,30440.4081,1.6314E+12,1380370764,1060890,14804.3426,671123069.6,0,9/11/2021 5:30
1.6314E+12,45173.68,46460,44742.06,46025.24,32094.28052,1.63149E+12,1464780920,1179808,15735.45104,718436012.8,0,9/12/2021 5:30
1.63149E+12,46025.23,46880,43370,44940.73,65429.15056,1.63158E+12,2930668118,1703512,32041.05972,1435586959,0,9/13/2021 5:30
1.63158E+12,44940.72,47250,44594.44,47111.52,44855.85099,1.63166E+12,2072259519,1210258,22182.46649,1025156548,0,9/14/2021 5:30
1.63166E+12,47103.28,48500,46682.32,48121.41,43204.71174,1.63175E+12,2056996399,1176050,20903.53535,995198313.7,0,9/15/2021 5:30
1.63175E+12,48121.4,48557,47021.1,47737.82,40725.08895,1.63184E+12,1948447233,1176129,19907.79151,952502982.8,0,9/16/2021 5:30
1.63184E+12,47737.81,48150,46699.56,47299.98,34461.92776,1.63192E+12,1637122049,1033968,16599.46162,788563444.4,0,9/17/2021 5:30
1.63192E+12,47299.98,48843.2,47035.56,48292.74,30906.47038,1.63201E+12,1491461628,976346,15219.90487,734476256.1,0,9/18/2021 5:30
1.63201E+12,48292.75,48372.83,46829.18,47241.75,29847.24349,1.6321E+12,1421642879,909785,14346.79979,683249734.1,0,9/19/2021 5:30
1.6321E+12,47241.75,47347.25,42500,43015.62,78003.52444,1.63218E+12,3457139274,1842231,36108.36295,1600107749,0,9/20/2021 5:30
1.63218E+12,43016.64,43639,39600,40734.38,84534.08049,1.63227E+12,3551997787,1820721,38942.74356,1637800329,0,9/21/2021 5:30
1.63227E+12,40734.09,44000.55,40565.39,43543.61,58349.05542,1.63236E+12,2482639472,1304011,29321.5066,1248027083,0,9/22/2021 5:30
1.63236E+12,43546.37,44978,43069.09,44865.26,48699.57655,1.63244E+12,2147211305,1196106,24503.00365,1080404500,0,9/23/2021 5:30
1.63244E+12,44865.26,45200,40675,42810.57,84113.42629,1.63253E+12,3596718231,1819744,41952.77658,1794510964,0,9/24/2021 5:30
1.63253E+12,42810.58,42966.84,41646.28,42670.64,33594.57189,1.63261E+12,1428238748,949787,16555.7295,703947971.4,0,9/25/2021 5:30
1.63261E+12,42670.63,43950,40750,43160.9,49879.99765,1.6327E+12,2124657079,1374145,24762.74447,1055225792,0,9/26/2021 5:30
1.6327E+12,43160.9,44350,42098,42147.35,39776.84383,1.63279E+12,1728912300,1001487,19307.85346,839585982.4,0,9/27/2021 5:30
1.63279E+12,42147.35,42787.38,40888,41026.54,43372.2624,1.63287E+12,1816305388,1045389,20710.0903,867306872.2,0,9/28/2021 5:30
1.63287E+12,41025.01,42590,40753.88,41524.28,33511.53487,1.63296E+12,1399625476,884909,16338.4266,682466342.8,0,9/29/2021 5:30
1.63296E+12,41524.29,44141.37,41410.17,43824.1,46381.22781,1.63305E+12,2005486004,1197815,23348.93974,1009687948,0,9/30/2021 5:30
1.63305E+12,43820.01,48495,43283.03,48141.61,66244.87492,1.63313E+12,3076094887,1771237,34156.88321,1585411525,0,10/1/2021 5:30
1.63313E+12,48141.6,48336.59,47430.18,47634.9,30508.98131,1.63322E+12,1459064881,996116,15180.50362,726007609.2,0,10/2/2021 5:30
1.63322E+12,47634.89,49228.08,47088,48200.01,30825.05601,1.63331E+12,1482764462,1114294,15426.81514,742443046.4,0,10/3/2021 5:30
1.63331E+12,48200.01,49536.12,46891,49224.94,46796.49372,1.63339E+12,2258464361,1437692,23032.4914,1112232801,0,10/4/2021 5:30
1.63339E+12,49224.93,51886.3,49022.4,51471.99,52125.66793,1.63348E+12,2618101829,1641651,26687.41046,1341045873,0,10/5/2021 5:30
1.63348E+12,51471.99,55750,50382.41,55315,79877.54518,1.63356E+12,4236927265,2443126,40664.02752,2158326114,0,10/6/2021 5:30
1.63356E+12,55315,55332.31,53357,53785.22,54917.37766,1.63365E+12,2983143121,1703147,26485.89849,1438826617,0,10/7/2021 5:30
1.63365E+12,53785.22,56100,53617.61,53951.43,46160.25785,1.63374E+12,2522087625,1548832,22643.19334,1237799957,0,10/8/2021 5:30
1.63374E+12,53955.67,55489,53661.67,54949.72,55177.08013,1.63382E+12,3024862791,1609483,27686.74749,1518044340,0,10/9/2021 5:30
1.63382E+12,54949.72,56561.31,54080,54659,89237.83613,1.63391E+12,4923958325,2427176,44656.91575,2464422247,0,10/10/2021 5:30
1.63391E+12,54659.01,57839.04,54415.06,57471.35,52933.16575,1.634E+12,2994673618,1690409,26858.82901,1519825843,0,10/11/2021 5:30
1.634E+12,57471.35,57680,53879,55996.93,53471.2855,1.63408E+12,3017210683,1554412,26157.44247,1477084243,0,10/12/2021 5:30
1.63408E+12,55996.91,57777,54167.19,57367,55808.44492,1.63417E+12,3123307687,1610489,27985.13207,1566812326,0,10/13/2021 5:30
1.63417E+12,57370.83,58532.54,56818.05,57347.94,43053.33678,1.63426E+12,2481915792,1372048,21940.26498,1265138477,0,10/14/2021 5:30
1.63426E+12,57347.94,62933,56850,61672.42,82512.90802,1.63434E+12,4959389369,2649137,43913.67633,2638969874,0,10/15/2021 5:30
1.63434E+12,61672.42,62378.42,60150,60875.57,35467.88096,1.63443E+12,2173374059,1360379,17286.46284,1059536458,0,10/16/2021 5:30
1.63443E+12,60875.57,61718.39,58963,61528.33,39099.24124,1.63452E+12,2371696295,1331655,19289.94298,1170524005,0,10/17/2021 5:30
1.63452E+12,61528.32,62695.78,59844.45,62009.84,51798.44844,1.6346E+12,3195091233,1629184,25859.08539,1595447836,0,10/18/2021 5:30
1.6346E+12,62005.6,64486,61322.22,64280.59,53628.10774,1.63469E+12,3370863940,1755708,27436.54548,1724665980,0,10/19/2021 5:30
1.63469E+12,64280.59,67000,63481.4,66001.41,51428.93486,1.63477E+12,3362878816,1823286,27623.99053,1806653765,0,10/20/2021 5:30
1.63477E+12,66001.4,66639.74,62000,62193.15,68538.64537,1.63486E+12,4407757971,2181665,32008.51421,2060110974,0,10/21/2021 5:30
1.63486E+12,62193.15,63732.39,60000,60688.22,52119.35886,1.63495E+12,3229377744,1555280,25440.69118,1576807744,0,10/22/2021 5:30
1.63495E+12,60688.23,61747.64,59562.15,61286.75,27626.93678,1.63503E+12,1686121722,982103,13352.56908,815306581.3,0,10/23/2021 5:30
1.63503E+12,61286.75,61500,59510.63,60852.22,31226.57676,1.63512E+12,1889694559,1052085,15682.1686,949151331.9,0,10/24/2021 5:30
1.63512E+12,60852.22,63710.63,60650,63078.78,36853.83806,1.63521E+12,2309339650,1270453,18577.25472,1164150306,0,10/25/2021 5:30
1.63521E+12,63078.78,63293.48,59817.55,60328.81,40217.50083,1.63529E+12,2492606133,1334460,18699.28475,1160289813,0,10/26/2021 5:30
1.63529E+12,60328.81,61496,58000,58413.44,62124.49016,1.63538E+12,3688306193,1913083,29983.43122,1780494794,0,10/27/2021 5:30
1.63538E+12,58413.44,62499,57820,60575.89,61056.35301,1.63547E+12,3677629851,1878275,30447.44205,1835335718,0,10/28/2021 5:30
1.63547E+12,60575.9,62980,60174.81,62253.71,43973.90414,1.63555E+12,2706090987,1417344,22262.86881,1370325591,0,10/29/2021 5:30
1.63555E+12,62253.7,62359.25,60673,61859.19,31478.12566,1.63564E+12,1937860260,1197748,15583.51105,959369103.6,0,10/30/2021 5:30
1.63564E+12,61859.19,62405.3,59945.36,61299.8,39267.63794,1.63572E+12,2396556477,1563417,19362.08206,1181449066,0,10/31/2021 5:30
1.63572E+12,61299.81,62437.74,59405,60911.11,44687.66672,1.63581E+12,2737282805,1472636,22139.95506,1356676791,0,11/1/2021 5:30
1.63581E+12,60911.12,64270,60624.68,63219.99,46368.2841,1.6359E+12,2909221038,1858362,23852.14282,1496448017,0,11/2/2021 5:30
1.6359E+12,63220.57,63500,60382.76,62896.48,43336.09049,1.63598E+12,2713389500,1601925,20662.34777,1294306442,0,11/3/2021 5:30
1.63598E+12,62896.49,63086.31,60677.01,61395.01,35930.93314,1.63607E+12,2218138027,1346081,17843.38035,1101751566,0,11/4/2021 5:30
1.63607E+12,61395.01,62595.72,60721,60937.12,31604.48749,1.63616E+12,1943346371,1243074,15769.15494,969780612.7,0,11/5/2021 5:30
1.63616E+12,60940.18,61560.49,60050,61470.61,25590.57408,1.63624E+12,1556774944,965309,12511.52761,761294376.5,0,11/6/2021 5:30
1.63624E+12,61470.62,63286.35,61322.78,63273.59,25515.6883,1.63633E+12,1585744720,1068629,13567.09782,843384435.4,0,11/7/2021 5:30
1.63633E+12,63273.58,67789,63273.58,67525.83,54442.09455,1.63642E+12,3575716171,2349581,28879.18644,1897321250,0,11/8/2021 5:30
1.63642E+12,67525.82,68524.25,66222.4,66947.66,44661.37807,1.6365E+12,3014326962,1847655,22243.23645,1501548664,0,11/9/2021 5:30
1.6365E+12,66947.67,69000,62822.9,64882.43,65171.50405,1.63659E+12,4335575753,2347934,31344.74332,2088305178,0,11/10/2021 5:30
1.63659E+12,64882.42,65600.07,64100,64774.26,37237.98058,1.63668E+12,2415537334,1327827,18589.51479,1205890454,0,11/11/2021 5:30
1.63668E+12,64774.25,65450.7,62278,64122.23,44490.10816,1.63676E+12,2844286548,1479149,21028.45541,1344883879,0,11/12/2021 5:30
1.63676E+12,64122.22,65000,63360.22,64380,22504.97383,1.63685E+12,1442441614,904149,11094.05209,711146514.1,0,11/13/2021 5:30
1.63685E+12,64380.01,65550.51,63576.27,65519.1,25705.07347,1.63693E+12,1658473781,951393,12629.83414,815039550.9,0,11/14/2021 5:30
1.63693E+12,65519.11,66401.82,63400,63606.74,37829.37124,1.63702E+12,2460915923,1305209,19160.47382,1247275595,0,11/15/2021 5:30
1.63702E+12,63606.73,63617.31,58574.07,60058.87,77455.15609,1.63711E+12,4705744041,2353681,36375.32415,2209839153,0,11/16/2021 5:30
1.63711E+12,60058.87,60840.23,58373,60344.87,46289.38491,1.63719E+12,2767802055,1471305,22545.24375,1348537947,0,11/17/2021 5:30
1.63719E+12,60344.86,60976,56474.26,56891.62,62146.99931,1.63728E+12,3644824179,1960419,29742.20507,1745202990,0,11/18/2021 5:30
1.63728E+12,56891.62,58320,55600,58052.24,50715.88726,1.63737E+12,2896189976,1560459,24072.28575,1374771758,0,11/19/2021 5:30
1.63737E+12,58057.1,58979.97,57932.61,58503.09,5783.99281,1.63745E+12,338971049.8,197457,2881.73172,168862258.2,0,11/20/2021 5:30
